Título,Preço,Departamento
Toalha Papel Kitchen Folha Dupla 360fls 19x20cm 3 Rolos C/ 120 Fls,"R$ 18,89",Bazar-E-Utilidades
Papel Toalha Kitchen Jumbo 19x20cm C/ 2 Rolos 120 Folhas,"R$ 12,29",Bazar-E-Utilidades
Toalha De Papel Fani 22x20cm C/ 2 Unid 50 Folhas Cada,"R$ 4,89",Bazar-E-Utilidades
Saco De Lixo Saron 50l Rolo C/ 30 Unid.,"R$ 13,49",Bazar-E-Utilidades
Saco De Lixo Embalixo Reforçado 50l Rolo C/ 50 Unid.,"R$ 31,90",Bazar-E-Utilidades
Saco De Lixo Embalixo Reforçado 110l Rolo C/ 25 Unid.,"R$ 43,90",Bazar-E-Utilidades
Filtro De Papel 3 Corações 103 C/ 30 Unid.,"R$ 4,79",Bazar-E-Utilidades
Saco De Lixo Embalixo Neut Pia E Banheiro C/ 100 Unid.,"R$ 17,49",Bazar-E-Utilidades
Toalha Papel Kitchen 120fls 19x21 2 Rolos C/ 60 Fls,"R$ 6,29",Bazar-E-Utilidades
Saco De Lixo Embalixo Mg 100l C/ 40 + 10 Unid.,"R$ 26,90",Bazar-E-Utilidades
"Guardanapo Kitchen Fs Ul Mac 22,7x22,8cm C/ 50 Unid.","R$ 3,15",Bazar-E-Utilidades
Ventilador Mondial 40cm Preto E Prata 127v,"R$ 199,00",Bazar-E-Utilidades
"Papel Alumínio Facilita E Pronto 30x7,5m","R$ 6,29",Bazar-E-Utilidades
Carvão Vegetal Sertanejo 4kg,"R$ 29,90",Bazar-E-Utilidades
Toalha De Papel Snob Classica 120fls 19x20cm C/3,"R$ 18,89",Bazar-E-Utilidades
Ventilador Mondial Super Power 30cm Preto 127v,"R$ 15,99",Bazar-E-Utilidades
Guardanapo Folha Simples Fani 23x22cm C/ 50 Unid.,"R$ 159,90",Bazar-E-Utilidades
Coador De Papel Melitta Aro Max 103,"R$ 2,29",Bazar-E-Utilidades
Coador Papel Brigitta 103,"R$ 5,29",Bazar-E-Utilidades
Ventilador Cadence New Windy 127v,"R$ 3,89",Bazar-E-Utilidades
"Guardanapo Scott Grand Hotel Folha Dupla G 31,8x32,8cm","R$ 179,90",Bazar-E-Utilidades
Saco De Lixo Saron 30l Rolo C/ 30 Unid.,"R$ 11,59",Bazar-E-Utilidades
Toalha De Papel Snob Decora 19x20cm 60 Flolhas Com 2 Rolos,"R$ 13,49",Bazar-E-Utilidades
"Toalha Papel Scala Plus Folha Dupla 19x22,2cm C/ 2 Unid. 60 Folhas Cada","R$ 6,99",Bazar-E-Utilidades
Filme De Pvc Wyda 30m,"R$ 6,99",Bazar-E-Utilidades
"Papel Alumínio Facilita E Pronto 45x7,5m","R$ 8,99",Bazar-E-Utilidades
Guardanapo Kitchen 32x30cm Branco C/ 50 Unid.,"R$ 9,99",Bazar-E-Utilidades
Saco De Lixo Saron 100l Rolo C/ 15 Unid.,"R$ 5,59",Bazar-E-Utilidades
Saco De Lixo Saron 15l Rolo C/ 60 Unidades,"R$ 13,49",Bazar-E-Utilidades
Filtro De Papel 3 Corações 102 C/ 30 Unid.,"R$ 13,49",Bazar-E-Utilidades
Pilha Panasonic Palito Aaa C/ 4 Unid.,"R$ 4,79",Bazar-E-Utilidades
Papel Alumínio Facilita&Pronto 30x4mt,"R$ 14,69",Bazar-E-Utilidades
Vela Moroaba 7 Dias Todos Os Santos 260g Unid.,"R$ 4,39",Bazar-E-Utilidades
Carvão Vegetal Jacaré 8kg,"R$ 13,99",Bazar-E-Utilidades
Saco Para Alimentos Facilita E Pronto 3kg,"R$ 69,90",Bazar-E-Utilidades
Toalha Papel Scala Plus Folha Dupla 19x22cm 3 Unid. C/ 120 Folhas Cada,"R$ 7,49",Bazar-E-Utilidades
Saco De Lixo Saron 50l C/ 10 Unid.,"R$ 17,99",Bazar-E-Utilidades
Guarda Chuva Mor Paraguas Sortido Unidade,"R$ 6,99",Bazar-E-Utilidades
Saco De Lixo Embalixo Com Alca 50l Com 30 Unidades,"R$ 19,90",Bazar-E-Utilidades
Saco De Lixo Embalixo Mg 30l C/ 80 + 20gts Unid.,"R$ 32,99",Bazar-E-Utilidades
Guardanapo Scott Grand Hotel Folha Dupla Pequeno 24x24cm,"R$ 24,90",Bazar-E-Utilidades
Toalha De Papel Absoluto Multiuso 120 Folhas C/ 2 Unid.,"R$ 6,29",Bazar-E-Utilidades
Pilha Panasonic Pequena Shs C/ 4 Unid.,"R$ 6,59",Bazar-E-Utilidades
Varal Mor Chao C/ Abas Slim Unid.,"R$ 12,99",Bazar-E-Utilidades
Guardanapo Scott Folha Simples Dia A Dia 24x22cm,"R$ 189,90",Bazar-E-Utilidades
Panela Arroz Elétrica Mondial Bianca Rice Branco - 127v,"R$ 3,29",Bazar-E-Utilidades
Guardanapo Fani Folha Simples 30x31cm C/ 50 Unid.,"R$ 179,90",Bazar-E-Utilidades
Copo Descartavel Copomais Branco 200ml C/ 100 Unid.,"R$ 3,99",Bazar-E-Utilidades
"Panela De Pressão Clock Polida 4,5l","R$ 7,19",Bazar-E-Utilidades
Saco De Lixo Embalixo Com Alça 100l Contém 15 Unidades,"R$ 169,00",Bazar-E-Utilidades
Mexedor Para Café Prafesta Cristal C/ 250 Unid.,"R$ 32,99",Bazar-E-Utilidades
Filme Pvc Wyda 15m,"R$ 7,75",Bazar-E-Utilidades
Saco De Lixo Saron 100l C/ 5 Unid.,"R$ 5,49",Bazar-E-Utilidades
Caixa Térmica Mor Azul C/ Preto 34l,"R$ 6,99",Bazar-E-Utilidades
Coador De Papel Brigitta 102,"R$ 99,90",Bazar-E-Utilidades
Aparador De Pelos Mondial Super Groom 6 Preto E Verde,"R$ 3,89",Bazar-E-Utilidades
Ducha Lorenzetti Top Jet Mult 220v 7500w Unid.,"R$ 159,00",Bazar-E-Utilidades
Pilha Duracell Alcalina Palito Aaa C/ 4 Unid.,"R$ 159,90",Bazar-E-Utilidades
Sanduicheira Mondial Fast Grill Preto 127v,"R$ 29,90",Bazar-E-Utilidades
Coador De Papel Melitta Aro Max 102,"R$ 149,90",Bazar-E-Utilidades
Prato Descartável Facilita Pronto 21cm C/ 10 Unid.,"R$ 5,29",Bazar-E-Utilidades
Vela Moroaba 7 Dias Fina Branca 200g Unid.,"R$ 4,55",Bazar-E-Utilidades
Carvão Vegetal Jacaré 4kg,"R$ 11,99",Bazar-E-Utilidades
Vela Moroaba Especial Branca 248g C/ 8 Unid.,"R$ 35,90",Bazar-E-Utilidades
Saco De Lixo Embalixo Banheiro C/ 50 Unid.,"R$ 13,99",Bazar-E-Utilidades
Ducha Lorenzetti Shower Multi 220v 7500w,"R$ 11,29",Bazar-E-Utilidades
Fósforo Fiat Lux Tradicional C/ 10 Unid.,"R$ 122,90",Bazar-E-Utilidades
Saco De Lixo Saron 15l C/ 20 Unid.,"R$ 4,99",Bazar-E-Utilidades
Saco De Lixo Saron 30l C/ 10 Unid.,"R$ 5,99",Bazar-E-Utilidades
Toalha De Papel Snob Clássica 19x20cm C/ 2 Unid. 60 Folhas Cada,"R$ 5,99",Bazar-E-Utilidades
Saco De Lixo Embalixo Wecycle 30l Com 20 Unidades,"R$ 7,89",Bazar-E-Utilidades
Carvão Vegetal Sertanejo 7kg,"R$ 15,99",Bazar-E-Utilidades
Pano Luxcar Microfibra C/ 4 Unid.,"R$ 52,90",Bazar-E-Utilidades
Chinelo Havaianas Tradicional Número 33 À 43,"R$ 26,90",Bazar-E-Utilidades
Pote De Vidro Euro Slim C/ Tampa De Inox 1l,"R$ 35,90",Bazar-E-Utilidades
"Carvão Vegetal Jacaré 2,5kg","R$ 25,90",Bazar-E-Utilidades
Ducha Lorenzetti Bella 4t 220v 6800w Unid.,"R$ 23,90",Bazar-E-Utilidades
Frigideira Tramontina Turim Vermelha 20cm,"R$ 99,90",Bazar-E-Utilidades
Copo Descartavel Facilita Pronto Tran 180ml C/ 100 Unid.,"R$ 48,90",Bazar-E-Utilidades
Saco Para Freezer Wyda 2kg C/ 100 Unid.,"R$ 7,29",Bazar-E-Utilidades
Copo Descartavel Facilita Pronto Tran 300ml C/ 100 Unid.,"R$ 11,99",Bazar-E-Utilidades
Balde Simplo Dobrável Plástico 5l,"R$ 13,39",Bazar-E-Utilidades
Frigideira Tramontina Funda Grafite 24cm,"R$ 25,90",Bazar-E-Utilidades
Boleira Ruvolo C/ Pé E Tampa Home Especial Vidro Unid.,"R$ 89,90",Bazar-E-Utilidades
"Carvão Vegetal Sertanejo 2,5kg","R$ 89,90",Bazar-E-Utilidades
Lampada Ourolux Super Led 12w Biv 6500k Unid.,"R$ 21,99",Bazar-E-Utilidades
Saco Para Alimentos Facilita E Pronto 2kg,"R$ 10,99",Bazar-E-Utilidades
Lampada Ourolux Led 9w Biv 6500k Unid.,"R$ 6,49",Bazar-E-Utilidades
Prato Descartável Facilita Pronto 15cm C/ 10 Unid.,"R$ 6,99",Bazar-E-Utilidades
Forma Facilita & Pronto Papel Air Fryer,"R$ 2,19",Bazar-E-Utilidades
"Pote De Vidro Euro Slim C/ Tampa De Inox 0,700l","R$ 13,85",Bazar-E-Utilidades
Lampada Ourolux Led Alta Potencia 15w 6500k Bivolt,"R$ 24,90",Bazar-E-Utilidades
"Papel Manteiga Wyda 29x7,5m Unid.","R$ 11,99",Bazar-E-Utilidades
Pote De Vidro Com Tampa Hermética Retangular Oikos 840ml,"R$ 7,99",Bazar-E-Utilidades
Algicida Choque Hidroall Hcl Para Piscinas 1l,"R$ 35,90",Bazar-E-Utilidades
Lâmpada Kian Led Globe 20w 6500k E27 Bivolt,"R$ 35,90",Bazar-E-Utilidades
Coador Papel Melitta Água Adoçada C/ 30 Unid.,"R$ 17,90",Bazar-E-Utilidades
Papel Alumínio Facilita E Pronto 45x4m,"R$ 6,39",Bazar-E-Utilidades
Esponja De Aco Q'Lustro C/6,"R$ 6,99",Bazar-E-Utilidades
Protetor Para Fogão Wyda 4/6 Bocas 27x27cm C/ 12 Folhas,"R$ 2,49",Bazar-E-Utilidades
Palito De Dente Gina Madeira C/ 200 Unid.,"R$ 9,79",Bazar-E-Utilidades
Toalha De Papel Absoluto Multiuso 240 Folhas C/ 2 Unid.,"R$ 2,90",Bazar-E-Utilidades
Prendedor De Roupa Ligbrin C/ 24 Unid.,"R$ 12,49",Bazar-E-Utilidades
Toalha De Papel Maxim Stylus 12x2 Rolos 50 Metros,"R$ 11,90",Bazar-E-Utilidades
Pilha Panasonic Alcalina Aa 3+1 C/ 4 Unid.,"R$ 4,90",Bazar-E-Utilidades
Acendedor Paraná Para Lareira E Churrasqueira Em Bastão C/ 5 Unid.,"R$ 20,90",Bazar-E-Utilidades
"Grill Brinox Garlic Vermelho 24x24x2,3cm 0,75l Unid.","R$ 10,29",Bazar-E-Utilidades
"Frigideira Wok Ebony Preto Brinox 2,3litro 24cm","R$ 59,90",Bazar-E-Utilidades
Conjunto De Pote De Vidro Euro Redondo C/ Tampa Plastica Vermelho 3pcs,"R$ 59,90",Bazar-E-Utilidades
Fósforo Gaboardi De Segurança Longo C/ 200 Unid.,"R$ 29,90",Bazar-E-Utilidades
Isqueiro Bic Maxi Chama Unid.,"R$ 4,59",Bazar-E-Utilidades
Saco Para Freezer Wyda 3kg C/ 100 Unid.,"R$ 8,39",Bazar-E-Utilidades
Desentupidor Sanitário Brilhus,"R$ 14,49",Bazar-E-Utilidades
Pote De Vidro Marinex Facilita Vap Quadrado 500ml Unid.,"R$ 56,90",Bazar-E-Utilidades
Resistencia Lorenzetti Advanced T 127v 5500w Unid.,"R$ 24,90",Bazar-E-Utilidades
Copo Descartavel Copomais Branco 180ml C/ 100 Unid.,"R$ 52,90",Bazar-E-Utilidades
Vela Moroaba 7 Dias Média 330g,"R$ 6,49",Bazar-E-Utilidades
Jarra Vidro Sm Tango 750ml,"R$ 16,99",Bazar-E-Utilidades
Filme Poliester Facilita Pronto 45x5mt 5m Unid.,"R$ 16,90",Bazar-E-Utilidades
Caderno São Domingos Espiral Deadpool 10 Matérias 160 Folhas,"R$ 12,59",Bazar-E-Utilidades
"Jarra Vidro Nadir Ladrilho Com Tampa 1,2l","R$ 49,99",Bazar-E-Utilidades
Cola Super Bonder Loctite 3g,"R$ 24,99",Bazar-E-Utilidades
Conjunto Frigideira Panelux Francesa 18cm + 20cm Aa Grafite Magnific,"R$ 9,99",Bazar-E-Utilidades
"Fervedor Ebony Preto Brinox 1,2 Litro 12x11 5cm","R$ 49,90",Bazar-E-Utilidades
Coador De Pano Anis Unid.,"R$ 69,90",Bazar-E-Utilidades
Protetor De Fogão Lumipam C/ 12 Unid.,"R$ 16,39",Bazar-E-Utilidades
Pilha Duracell Pequena Aa C/ 2 Unid.,"R$ 8,19",Bazar-E-Utilidades
Pote De Vidro Marinex Facilita Vap Quadrado 2l Unid.,"R$ 16,99",Bazar-E-Utilidades
Copo Descartavel Facilita Pronto Tran 200ml C/ 100 Unid.,"R$ 48,90",Bazar-E-Utilidades
Odorizante Para Automóvel Proauto Gil Carro Novo 60g,"R$ 8,69",Bazar-E-Utilidades
Fósforo Gaboardi De Segurança C/ 10 Unid.,"R$ 14,99",Bazar-E-Utilidades
Garrafa Térmica Invicta Arábica Preto 1l,"R$ 5,49",Bazar-E-Utilidades
Vela Rio Claro 76g C/ 8 Unid.,"R$ 42,90",Bazar-E-Utilidades
Garrafa Térmica Invicta Vogue Preta 750ml Unid.,"R$ 4,79",Bazar-E-Utilidades
Cesto Condor Com 24 Prendedores Unidade,"R$ 39,90",Bazar-E-Utilidades
Cesto Plasútil Para Roupas Telado Pequeno 30l Unid.,"R$ 39,90",Bazar-E-Utilidades
Fita Crepe Kimarc 18x50m,"R$ 39,90",Bazar-E-Utilidades
Prendedor Para Roupas Esfrebom Plástico Classic C/ 12 Unid.,"R$ 12,99",Bazar-E-Utilidades
Lâmpada Kian Eletrônica 3u 25w 127v Unid.,"R$ 12,90",Bazar-E-Utilidades
Flanela Rs Sacaria Branca 38x58 Unid.,"R$ 17,99",Bazar-E-Utilidades
Assadeira Facilita&Pronto Alumínio Descartável 4l,"R$ 8,99",Bazar-E-Utilidades
Palito De Dente Gina De Madeira C/ 100 Unid.,"R$ 8,90",Bazar-E-Utilidades
Cera Proauto Líquida Super Brilho C/ Gatilho 500ml,"R$ 1,79",Bazar-E-Utilidades
Chinelo Ipanema Anatômica Unid.,"R$ 33,90",Bazar-E-Utilidades
Saco Plástico Junco Para Geladinho C/ 100 Unid.,"R$ 31,99",Bazar-E-Utilidades
Saco Hermético Wyda 18x23cm C/ 15 Unid.,"R$ 4,49",Bazar-E-Utilidades
Pilha Duracell Pequena A.A C/ 4 Unid.,"R$ 15,49",Bazar-E-Utilidades
Tomada Kimarc C/ Placa 2p + Terra 20 A,"R$ 29,90",Bazar-E-Utilidades
Saco De Lixo Saron Branco 30l C/ 10 Unid.,"R$ 14,99",Bazar-E-Utilidades
Toalha De Papel Social Clean Folha Dupla 19x19cm 50 Folhas Com 2 Rolos,"R$ 5,99",Bazar-E-Utilidades
Porta Sabonete Líquido Paramount Branco Quadratta,"R$ 4,99",Bazar-E-Utilidades
Garrafa Térmica Mor Use Rubi 1l Unid.,"R$ 29,90",Bazar-E-Utilidades
Porta Sabonete Líquido Paramount Preto Quadratta,"R$ 35,69",Bazar-E-Utilidades
Varal Ligbrin Tamanho 3 C/ 26 Prendedores,"R$ 29,90",Bazar-E-Utilidades
"Extensão Kimarc M/F Paral 2x0,75m 3m","R$ 35,90",Bazar-E-Utilidades
Chinelo Havaianas Top 33 À 43 Unid.,"R$ 29,90",Bazar-E-Utilidades
Prato Isopor Fibraform Raso 23cm Com 25 Unid.,"R$ 39,99",Bazar-E-Utilidades
Pilha Duracell Palito Aaa C/ 2 Unid.,"R$ 14,90",Bazar-E-Utilidades
Saco Hermético Wyda 27x31cm C/ 8 Unid.,"R$ 16,99",Bazar-E-Utilidades
Pilha Panasonic Cr2032,"R$ 14,29",Bazar-E-Utilidades
Filtro De Café Não Descartável Ijetemp Número 103,"R$ 13,99",Bazar-E-Utilidades
Saco De Lixo Saron Branco 50l,"R$ 6,99",Bazar-E-Utilidades
Lixeira Plasútil Ecoblack Com Pedal 7l Unid.,"R$ 6,99",Bazar-E-Utilidades
Cadeado Pado Blister 20mm Unid.,"R$ 27,90",Bazar-E-Utilidades
Corda Esfrebom Para Varal Revestida,"R$ 27,90",Bazar-E-Utilidades
Saboneteira Plasútil Unid.,"R$ 13,90",Bazar-E-Utilidades
Saco Lixo Embalixo Mg 50l C/ 80 + 20gts Unid.,"R$ 5,49",Bazar-E-Utilidades
Tigela Bowl Nadir Astral 2l,"R$ 26,90",Bazar-E-Utilidades
Triturador De Alho Original Line Premium,"R$ 26,90",Bazar-E-Utilidades
Saco Para Alimentos Facilita E Pronto 5kg,"R$ 8,90",Bazar-E-Utilidades
Porta Escova Para Viagem Plasútil,"R$ 8,79",Bazar-E-Utilidades
"Pote De Vidro Euro Slim C/ Tampa De Inox 1,3l","R$ 12,99",Bazar-E-Utilidades
Saco Picotado Lumipam 18x29 C/ 50 Unid. 2kg,"R$ 25,90",Bazar-E-Utilidades
"Jarra Nadir Tropicana Vidro 1,75l","R$ 6,25",Bazar-E-Utilidades
Lâmpada Kian Led Globe 30w 6500k E27 Bivolt,"R$ 24,99",Bazar-E-Utilidades
Rodo Melare Puxesec Metal 40cm,"R$ 24,90",Bazar-E-Utilidades
Papel Sulfite Chamequinho Branco A4 C/ 100 Folhas Pacote,"R$ 23,99",Bazar-E-Utilidades
Cera Proauto Pasta C/ Antiaderente Tradicional 200g,"R$ 7,99",Bazar-E-Utilidades
Cortador De Legumes Keita 24cm Unid.,"R$ 23,90",Bazar-E-Utilidades
Odorizante Para Automóvel Proauto Breeze Retro,"R$ 23,90",Bazar-E-Utilidades
Vela Moroaba Número 3 Branca 144g Unid.,"R$ 11,99",Bazar-E-Utilidades
Pote De Vidro Com Tampa Hermética Quadrado Oikos 520ml,"R$ 7,89",Bazar-E-Utilidades
Limpa E Hidrata Couro Proauto 150gr,"R$ 28,90",Bazar-E-Utilidades
Odorizante Luxcar New Fresh Car Carro Novo,"R$ 22,90",Bazar-E-Utilidades
Chinelo Ipanema Feminino Unid.,"R$ 12,99",Bazar-E-Utilidades
Chinelo Ipanema Clássica Masculino Unid.,"R$ 14,99",Bazar-E-Utilidades
Faca Tramontina Plenus Legumes Preto Numero 3 Unid.,"R$ 14,99",Bazar-E-Utilidades
Suporte Para Filtro Melitta 100 Unid.,"R$ 10,90",Bazar-E-Utilidades
"Folha De Alumínio Wyda 30x7,5mt Unid.","R$ 10,90",Bazar-E-Utilidades
Porta Filtro De Café Plásutil,"R$ 6,69",Bazar-E-Utilidades
Saco Hermet Ziploc Para Conservar Médio C/ 8 Unid.,"R$ 10,49",Bazar-E-Utilidades
Faca Tramontina Plenus Pão Numero 7 Unid.,"R$ 19,99",Bazar-E-Utilidades
Vassoura Melare Karpet Sem Cabo,"R$ 19,99",Bazar-E-Utilidades
Copo Plástico Plasútil Com Tampa Stitch 500ml,"R$ 19,90",Bazar-E-Utilidades
Porta Biscoito/Torrada Plásutil Decorado,"R$ 9,90",Bazar-E-Utilidades
Vela Aniversário Junco Estrelar Unid.,"R$ 22,90",Bazar-E-Utilidades
Faca Original Peixeira Design N.8,"R$ 6,49",Bazar-E-Utilidades
Balão Junco Liso Sortido Número 7 C/ 50 Unid.,"R$ 18,99",Bazar-E-Utilidades
Taça Ruvolo Para Martini Vidro 225ml,"R$ 18,90",Bazar-E-Utilidades
Garfo Descartavel Facilita Pronto Sobremesa C/ 50 Unid.,"R$ 14,99",Bazar-E-Utilidades
Vela Moroaba Repel 180g,"R$ 5,99",Bazar-E-Utilidades
Espeto Gina De Bambu 25cm - 50 Unidades,"R$ 17,89",Bazar-E-Utilidades
Espeto De Bambu Junco Para Churrasco C/ 50 Unid.,"R$ 8,69",Bazar-E-Utilidades
Caneta Bic Cristal Azul Dura Mais Leve 4 Pague 3 Unid.,"R$ 8,45",Bazar-E-Utilidades
Garfo Descartavel Facilita Pronto Master C/ 50 Unid.,"R$ 7,79",Bazar-E-Utilidades
Coador Papel Melitta Original 100 C/ 30 Unid.,"R$ 16,19",Bazar-E-Utilidades
Pote Plástico Plasútil Decorado Retangular 2 Divisórias,"R$ 5,35",Bazar-E-Utilidades
Chinelo Ipanema Clássica Infantil Unid.,"R$ 15,99",Bazar-E-Utilidades
Tesoura Original 8.5 Unid.,"R$ 15,90",Bazar-E-Utilidades
Coqueteleira Plasútil 740ml Unid.,"R$ 15,39",Bazar-E-Utilidades
Cabide Melare Plástico Adulto C/ 3 Unid.,"R$ 15,29",Bazar-E-Utilidades
Prato Descartável Strawplast Cristal 15cm,"R$ 4,99",Bazar-E-Utilidades
Suporte Para Filtro 3 Corações 102 Unidade,"R$ 14,39",Bazar-E-Utilidades
Vela Aniversário Junco Fonte Estrelar Unid.,"R$ 13,99",Bazar-E-Utilidades
Pote De Vidro Com Tampa Hermética Retangular Oikos 160ml,"R$ 13,95",Bazar-E-Utilidades
Mini Varal Flash Limp Oval C/ 8 Prendedores,"R$ 13,90",Bazar-E-Utilidades
Copo De Vidro Medidor Nadir Sempre 350ml,"R$ 13,90",Bazar-E-Utilidades
Shakeira Plasútil Decora 500ml,"R$ 13,29",Bazar-E-Utilidades
Jogo Copo Nadir Sm Aurora C/ 6 Unid. 270ml,"R$ 12,99",Bazar-E-Utilidades
Prendedor De Roupas Esfrebom Plástico Argola C/12 Unid.,"R$ 19,90",Bazar-E-Utilidades
Prendedor De Roupa Ligbrin Prende Fácil C/ 12 Unid.,"R$ 12,90",Bazar-E-Utilidades
Odorizante Para Automóvel Glade Gel Lavanda 70g,"R$ 12,90",Bazar-E-Utilidades
Odorizante Para Automóvel Glade Gel Flower Power 70g,"R$ 12,89",Bazar-E-Utilidades
Toalha Papel Kitchen Evolution Folha Triplha 120fls 19x20cm 2 Rolos C/ 60 Fls,"R$ 12,89",Bazar-E-Utilidades
Palito De Dente Gaboardi Bambu Premium C/ 80 Unid.,"R$ 11,99",Bazar-E-Utilidades
Esponja Proauto Para Limpeza Unid.,"R$ 1,99",Bazar-E-Utilidades
Saco De Lixo Saron Banheiro/Pia 10l,"R$ 11,90",Bazar-E-Utilidades
Abridor Lata/Garrafa Original Sardinha Inox,"R$ 5,90",Bazar-E-Utilidades
Copo Descartavel Facilita&Pronto Branco 50ml C/ 100 Unid.,"R$ 5,79",Bazar-E-Utilidades
Suporte Para Coador Melitta 102 Unid.,"R$ 3,85",Bazar-E-Utilidades
Casca De Pinus Pet Garden 1kg,"R$ 11,45",Bazar-E-Utilidades
Substrato De Orquideas Garden Plus 1kg,"R$ 10,99",Bazar-E-Utilidades
Coador Papel Melitta Cafeteira Elétrica Média Numero 2 C/ 30 Unid.,"R$ 10,99",Bazar-E-Utilidades
Porta Escova E Creme Dental Plasútil Unid.,"R$ 5,49",Bazar-E-Utilidades
Cumbuca Isopor Fibraform Térmico Branco 500ml C/ 25 Unid.,"R$ 10,95",Bazar-E-Utilidades
Porta Escova Plásutil Trama,"R$ 10,90",Bazar-E-Utilidades
Kit Kimarc Fita Isolante 5mt + 1 Veda Rosca 10m,"R$ 10,90",Bazar-E-Utilidades
Vela Aniversário Junco Live Collors C/ Gliter Azul Número 8 Unid.,"R$ 9,99",Bazar-E-Utilidades
Porta Sabonete Líquido Plásutil Trama 360ml,"R$ 9,99",Bazar-E-Utilidades
Vela Aniversário Junco Live Collors C/ Gliter Azul Número 7 Unid.,"R$ 12,55",Bazar-E-Utilidades
Vela Aniversário Junco Live Collors C/ Gliter Azul Número 9 Unid.,"R$ 9,99",Bazar-E-Utilidades
Vela Aniversário Junco Live Collors C/ Gliter Azul Número 1 Unid.,"R$ 9,99",Bazar-E-Utilidades
Bandeja Junco Laminada Prata Numero 7 50x40cm,"R$ 9,99",Bazar-E-Utilidades
Caneta Faber Castell Fine Pen Black,"R$ 9,99",Bazar-E-Utilidades
Torneira Para Bebedouro Kimarc,"R$ 10,99",Bazar-E-Utilidades
Folha De Alumínio Wyda 30x4mt Unid.,"R$ 9,99",Bazar-E-Utilidades
Cabides Catuai Pop Cristal C/ 3 Unid.,"R$ 4,79",Bazar-E-Utilidades
Vela Moroaba Branca Número 4 150g,"R$ 9,90",Bazar-E-Utilidades
Copo De Vidro Nadir Americano Comum Unid.,"R$ 9,75",Bazar-E-Utilidades
"Espátula Original Bamboo 33,3cm","R$ 1,59",Bazar-E-Utilidades
Flanela Ferreira Sacaria 38x58 Unid.,"R$ 8,99",Bazar-E-Utilidades
Tampa Para Pia Kimarc Plastica 1/2 C/ 2 Unid.,"R$ 8,99",Bazar-E-Utilidades
Folha De Alumínio Wyda 45x4mt,"R$ 2,99",Bazar-E-Utilidades
Toalha Papel Scala Plus Folha Dupla 12x22cm C/ 2 Unid.100 Folhas Cada,"R$ 8,45",Bazar-E-Utilidades
Sacola Ecológica Baú Diversos Retornável Unid.,"R$ 8,15",Bazar-E-Utilidades
Pote Plástico Plásutil Decorado Redondo 680ml,"R$ 7,99",Bazar-E-Utilidades
Terra Vegetal Pet Garden 5kg,"R$ 7,99",Bazar-E-Utilidades
Pote Plástico Plasútil Organizador Gire E Trave Unid.,"R$ 7,99",Bazar-E-Utilidades
Vela De Aniversário Junco Ouro Glitter Número 0 Unid.,"R$ 3,99",Bazar-E-Utilidades
Vela De Aniversário Junco Ouro Glitter Número 1 Unid.,"R$ 9,89",Bazar-E-Utilidades
Colher Suco Original Recife Premium 30cm Unid.,"R$ 9,89",Bazar-E-Utilidades
"Borracha Silicone Kimarc Clock 4,5l","R$ 7,35",Bazar-E-Utilidades
Coador Papel Melitta Cafeteira Elétrica Média Numero 4 C/ 30 Unid.,"R$ 6,99",Bazar-E-Utilidades
Escumadeira Plasútil Unid.,"R$ 6,99",Bazar-E-Utilidades
Ralo Para Pia Kimarc Zincado Unid.,"R$ 6,85",Bazar-E-Utilidades
Ralo Para Pia Kimarc Tipo Telinha Unid.,"R$ 5,99",Bazar-E-Utilidades
Pote Plástico Plasútil Organizador Gire E Trave M Unidade,"R$ 5,99",Bazar-E-Utilidades
Funil Plasútil Grande Unid.,"R$ 5,99",Bazar-E-Utilidades
Bandeja Junco Laminada Prata Rocambole 33x18cm,"R$ 5,99",Bazar-E-Utilidades
Colher Descartável Facilita Pronto Sobremesa C/ 50 Unid.,"R$ 2,99",Bazar-E-Utilidades
Fita Veda Rosca Kimarc 12x10,"R$ 5,90",Bazar-E-Utilidades
Palito De Dente Gaboardi C/ 80 Unid.,"R$ 4,99",Bazar-E-Utilidades
Saleiro Plasútil 100ml,"R$ 0,99",Bazar-E-Utilidades
Canudo Para Refresco Junco Biodegradável Descartável C/ 80 Unid.,"R$ 4,75",Bazar-E-Utilidades
Palito Junco Para Picolé C/ 50 Unid.,"R$ 4,59",Bazar-E-Utilidades
Vela Aniversário Junco Branca Número 7 Unid.,"R$ 4,45",Bazar-E-Utilidades
"Terra Vegetal Pet Garden 1,5kg","R$ 4,19",Bazar-E-Utilidades
Forminha Junco Papel Branca Número 5 C/ 100 Unid.,"R$ 3,89",Bazar-E-Utilidades
Forminha Junco Papel Rosa Número 5 C/ 100 Unid.,"R$ 2,99",Bazar-E-Utilidades
Dispenser Coza Single Preto 500ml,"R$ 2,99",Bazar-E-Utilidades
Dispenser Coza Single Wgr 500ml,"R$ 26,90",Bazar-E-Utilidades
Cumbuca Isopor Copobrás Térmico Branco 360ml C/ 25 Unid.,"R$ 26,90",Bazar-E-Utilidades
Copo Vidro Nadir Bristol Long Drink 340ml,"R$ 26,90",Bazar-E-Utilidades
Pulverizador Plásutil Pequeno Decorado 300ml,"R$ 12,49",Bazar-E-Utilidades
Cumbuca Plástica Coza Uno Vermelho 500ml,"R$ 14,65",Bazar-E-Utilidades
Espremedor Mondial Elétrico Turbo Citrus 127v,"R$ 10,90",Bazar-E-Utilidades
Lâmpada Ourolux Controled 3 Tons De Luz,"R$ 99,90",Bazar-E-Utilidades
"Pote Plástico Paramount Slim Multiuso Branco - 1,360ml","R$ 29,90",Bazar-E-Utilidades
Travessa Paramount Retangular Com Friso Le Chef Branca 33x23x6cm,"R$ 29,90",Bazar-E-Utilidades
"Travessa Paramount Oval Com Friso Le Chef Branca 28x19,5x6cm","R$ 33,90",Bazar-E-Utilidades
Marmita Paramount Plástica Pratica 23x13x9cm Unidade,"R$ 20,90",Bazar-E-Utilidades
Conjunto De Utensilios Plasútil Com Pegador 5 Peças,"R$ 33,90",Bazar-E-Utilidades
Lapis De Cor Bic Kids Com 12 Cores,"R$ 39,90",Bazar-E-Utilidades
Kit Caneta Bic Esferográfica Cristal Celebration Azul E Preta,"R$ 16,99",Bazar-E-Utilidades
Cola Escolar Mercur Branca 90g,"R$ 23,99",Bazar-E-Utilidades
"Kit Caneta Bic Esferográfica Fina Azul, Vermelha E Preta","R$ 9,90",Bazar-E-Utilidades
Lápis De Cor Bic Evolution C/ 24 Unid.,"R$ 8,99",Bazar-E-Utilidades
Chinelo Havaianas Elegance Print,"R$ 31,90",Bazar-E-Utilidades
Caixa Térmica Mor Cinza Com Preta 18l Unid.,"R$ 44,90",Bazar-E-Utilidades
Tigela De Vidro Marinex Astral C/ Tampa 500ml,"R$ 86,90",Bazar-E-Utilidades
Cesto Santana Telado 8l,"R$ 19,90",Bazar-E-Utilidades
Cola Escolar Mercur Com Gliter 4 Cores 23g,"R$ 8,19",Bazar-E-Utilidades
Lapiseira Faber Castell Polly 3 Em 1 0.7,"R$ 23,90",Bazar-E-Utilidades
Lasanheira Marinex Retangular Funda 5 Litros Unid.,"R$ 28,90",Bazar-E-Utilidades
Pote Plástico Plasútil Clic Rosca 900ml,"R$ 69,90",Bazar-E-Utilidades
Resistência Lorenzetti Maxi Ducha 4t 220/5500 Unid.,"R$ 9,19",Bazar-E-Utilidades
Adesivo Instantâneo Scotch Bond 3g,"R$ 32,90",Bazar-E-Utilidades
"Forro Térmico Anis Para Tábua De Passar 1,20x0,45cm Unid.","R$ 8,90",Bazar-E-Utilidades
Oléo Desengripante Luxcar Luxlu Spray 300ml,"R$ 34,90",Bazar-E-Utilidades
Saco Picotado Lumipam 23x34 C/ 50 Unid. 3kg,"R$ 22,99",Bazar-E-Utilidades
Vela Moroaba 7 Dias Fina Branca 260g,"R$ 8,99",Bazar-E-Utilidades
"Panela De Pressão Panelux Classic 4,5l","R$ 13,49",Bazar-E-Utilidades
Resistência Lorenzetti Duo Shower 127v 5500w,"R$ 84,90",Bazar-E-Utilidades
"Porta Açúcar C/ Colher Plasútil Decorado 2,3l","R$ 52,90",Bazar-E-Utilidades
Interruptor Kimarc 1 Tec C/ Placa Radial,"R$ 24,90",Bazar-E-Utilidades
Soquete Para Teto Kimarc Porcelana,"R$ 13,99",Bazar-E-Utilidades
Tomada Embut Kimarc C/ Placa Radial,"R$ 7,99",Bazar-E-Utilidades
Vedante Plástico Kimarc 3/4 C/ 3 Unid.,"R$ 13,99",Bazar-E-Utilidades
Cotovelo Kimarc Cardinali Ll 3/4 C/ 2 Unid.,"R$ 2,99",Bazar-E-Utilidades
Luva De Conexão Kimarc Cardinali Ll 3/4 C/ 2 Unid.,"R$ 6,99",Bazar-E-Utilidades
Sifão Kimarc Sanfonado,"R$ 6,99",Bazar-E-Utilidades
Pino/Válvula Panela Pressão Kimarc Tampa Clock,"R$ 14,99",Bazar-E-Utilidades
Pino 3 Saidas Kimarc 2p + Terra Flp C/ 1 Unid.,"R$ 9,99",Bazar-E-Utilidades
Chinelo Havaianas Slim Gloss Unid.,"R$ 14,99",Bazar-E-Utilidades
Prato Nadir Raso Opaline Menu 24cm,"R$ 62,90",Bazar-E-Utilidades
"Prato Nadir Fundo Opaline Pétala 23,5cm","R$ 14,90",Bazar-E-Utilidades
"Prato Nadir Raso Opaline Pétala 25,5cm","R$ 14,90",Bazar-E-Utilidades
"Prato Nadir Sobremesa Opaline Pétala 19,5cm","R$ 14,90",Bazar-E-Utilidades
Utensílios Tramontina Churrasco Diversos - Unidade,"R$ 11,29",Bazar-E-Utilidades
Suporte Para Filtro 3 Corações 103 Unid.,"R$ 69,90",Bazar-E-Utilidades
Plaina Original Para Queijo Cook Unid.,"R$ 17,99",Bazar-E-Utilidades
Faca Para Pão Original Wood N.8,"R$ 16,49",Bazar-E-Utilidades
Vela De Aniversário Junco Ouro Glitter Número 7 Unid.,"R$ 14,90",Bazar-E-Utilidades
Vela De Aniversário Junco Vermelha Glitter Número 2 Unid.,"R$ 9,89",Bazar-E-Utilidades
Vela De Aniversário Junco Vermelha Glitter Número 4 Unid.,"R$ 9,89",Bazar-E-Utilidades
Chinelo Havaianas Slim Square,"R$ 9,89",Bazar-E-Utilidades
Conjunto De Pote Plasútil Pop Quadrado 4 Peças Unid.,"R$ 69,90",Bazar-E-Utilidades
Torneira Plastica Para Pia Kimarc 3/4 Pop Unid.,"R$ 21,90",Bazar-E-Utilidades
Torneira Para Jardim Kimarc C/ Esfera 3/4 Unid.,"R$ 9,99",Bazar-E-Utilidades
Vela Aniversário Junco Emoji Engraçadinha Unid.,"R$ 39,90",Bazar-E-Utilidades
Vela De Aniversário Junco Emoji Óculos Unid.,"R$ 13,79",Bazar-E-Utilidades
Kit Gelele Lab Slim Doce Brinquedo Unid.,"R$ 13,79",Bazar-E-Utilidades
Oleo Desengripante Proauto Lub Aerossol 300ml,"R$ 37,90",Bazar-E-Utilidades
Garrafa Térmica Termolar Personal 1l,"R$ 24,99",Bazar-E-Utilidades
Pipoqueira Panelux Rose Magnific 20cm,"R$ 51,90",Bazar-E-Utilidades
Caderno Foroni Espiral 4 Elementos 160 Folhas,"R$ 159,90",Bazar-E-Utilidades
Caderno Jandaia Espiral Flork 160 Folhas,"R$ 23,90",Bazar-E-Utilidades
Saboneteira Coza Bulky,"R$ 35,90",Bazar-E-Utilidades
Balão Junco Metalizado Prata 40cm N.1,"R$ 12,99",Bazar-E-Utilidades
Balão Junco Metalizado Prata 40cm N.6,"R$ 7,95",Bazar-E-Utilidades
Adubo Green Fix Raiz 120ml,"R$ 7,95",Bazar-E-Utilidades
Faca De Mesa Tramontina Inox Leme Vermelha Unid.,"R$ 12,90",Bazar-E-Utilidades
Linha Barbante Kimarc 4/8 80m Unid.,"R$ 3,69",Bazar-E-Utilidades
Vela Maroaba Votiva Mel 260g Unid.,"R$ 13,99",Bazar-E-Utilidades
"Assadeira De Vidro Marinex Retangular Grande Seletta C/ Tampa 3,5l","R$ 17,89",Bazar-E-Utilidades
Caixa Térmica Mor Preta 18l Unidade,"R$ 69,90",Bazar-E-Utilidades
Prato Nadir Fundo Primavera 22cm,"R$ 86,90",Bazar-E-Utilidades
Lava Autos Proauto Classic Neutro 500ml,"R$ 7,90",Bazar-E-Utilidades
Jogo Tramontina De Frigideira Alumínio Turim Bronze 2 Peças,"R$ 14,75",Bazar-E-Utilidades
Argila Expandida Pet Garden 1kg,"R$ 99,90",Bazar-E-Utilidades
Boneca Mattel Barbie Fantasy Princesa Basica,"R$ 10,99",Bazar-E-Utilidades
Mixer Mondial Pratic Preto - 127v,"R$ 79,90",Bazar-E-Utilidades
Escorredor Madefer Louça Arco Mini Top,"R$ 129,00",Bazar-E-Utilidades
Bandeja Junco Laminada Prata Numero 5 39x32cm,"R$ 39,90",Bazar-E-Utilidades
Jogo De Copo Sm Marrocos Long Drink 350ml C/ 6 Unid.,"R$ 5,99",Bazar-E-Utilidades
Garrafa Térmica Invicta Glt Vermelho Velvet 500ml,"R$ 36,90",Bazar-E-Utilidades
Garfo Trinchante Original Premium Ref Sl0355 Unid.,"R$ 54,90",Bazar-E-Utilidades
"Assadeira Marinex Retangular Média 2,2l","R$ 16,90",Bazar-E-Utilidades
Jogo Tramontina Trinchante Plenus 3 Peças,"R$ 61,90",Bazar-E-Utilidades
Conjunto Jarra De Vidro Sm Nature - 4 Copos,"R$ 27,90",Bazar-E-Utilidades
Chinelo Ipanema Barbie Style Infantil,"R$ 39,90",Bazar-E-Utilidades
Chinelo Ipanema Turma Da Mônica Infantil,"R$ 49,90",Bazar-E-Utilidades
Vela São Domingos Aromática Maçã Canela 130g,"R$ 38,90",Bazar-E-Utilidades
Resistência Kimarc Tipo Lorenzetti 220v 5400w,"R$ 10,89",Bazar-E-Utilidades
Prato Descartável Strawplast Cristal 21cm C/ 10 Unid.,"R$ 8,99",Bazar-E-Utilidades
Suporte Para Filtro Café Plásutil Decorado,"R$ 22,90",Bazar-E-Utilidades
Pote Plástico Plásutil Flip 700ml,"R$ 15,99",Bazar-E-Utilidades
Porta Sabão Em Pó Plásutil Decorado,"R$ 19,90",Bazar-E-Utilidades
Garrafa Térmica Invicta Glt Lille Capuccino 1l,"R$ 22,90",Bazar-E-Utilidades
Conjunto Talher Tramontina Dynamic Inox 12 Peças,"R$ 46,90",Bazar-E-Utilidades
Saco Infinite Para Lavar Roupas Basic G Unid.,"R$ 109,90",Bazar-E-Utilidades
Fura Coco Infinite Manual Premium Unid.,"R$ 13,90",Bazar-E-Utilidades
Cortador Cabelo Mondial C/ 8 Acessórios 127v,"R$ 18,90",Bazar-E-Utilidades
Liquidificador Mondial Easy Branco 2 Velocidades 127v,"R$ 85,90",Bazar-E-Utilidades
Panela Tramontina Loreto Alumínio Preta Unid.,"R$ 119,90",Bazar-E-Utilidades
Lâmpada Ourolux Controled Sensor Presença,"R$ 86,90",Bazar-E-Utilidades
Balde Simplo Dobrável Plástico 10l,"R$ 43,90",Bazar-E-Utilidades
Saca Rolha Brinox Preto 12cm - Unidade,"R$ 56,90",Bazar-E-Utilidades
Garrafa Plast Paramount - 2 Litros,"R$ 21,90",Bazar-E-Utilidades
Bowl Plástica Paramount Coração Le Cheff Branca 26x22x7cm,"R$ 13,90",Bazar-E-Utilidades
Caneta Bic Esf 4 Cores + Grafite Hb 0.7 Bl Unid.,"R$ 21,90",Bazar-E-Utilidades
Aditivo Proauto Para Radiador Prorad 1l,"R$ 35,90",Bazar-E-Utilidades
Caderno São Domingos Espiral My Pets 10 Matérias 160 Folhas,"R$ 19,90",Bazar-E-Utilidades
Marcador Faber Casstell Permanente Preto E Branco Com 2 Unid,"R$ 39,90",Bazar-E-Utilidades
Giz De Colorir Faber Castell C/ 12 Unid.,"R$ 19,99",Bazar-E-Utilidades
Garrafa Térmica Mor Use Pessego 1l Unid.,"R$ 12,90",Bazar-E-Utilidades
Garrafa Térmica Mor Use Preta 1l Unid.,"R$ 35,69",Bazar-E-Utilidades
Caneta Bic Gelocity Quick Dry Azul,"R$ 35,69",Bazar-E-Utilidades
Caneta Bic Esferográfica 4 Cores,"R$ 17,99",Bazar-E-Utilidades
Espuma Magica Proauto Aero 400ml,"R$ 16,99",Bazar-E-Utilidades
Lâmpada Ourolux Superled Alta Potência T30w 2400 Lm E27 6500k,"R$ 28,90",Bazar-E-Utilidades
Lampada Ourolux Superled Alta Potência T20w 1600 Lm E27 6500k,"R$ 28,90",Bazar-E-Utilidades
Cestinho Para Prendedor Plasútil Trama,"R$ 16,90",Bazar-E-Utilidades
Lápis De Cor Faber Castell 24 Cores + 4 Cores Pastel,"R$ 12,49",Bazar-E-Utilidades
Lapis De Cor Faber Castell Dinossauro 12+2cores,"R$ 46,90",Bazar-E-Utilidades
Flanela Ferreira Sacaria 28x38 Unid.,"R$ 23,90",Bazar-E-Utilidades
Copo De Vidro Nadir Dose Ole 60ml,"R$ 6,99",Bazar-E-Utilidades
Pote Plástico Ziploc Quadrado 900ml,"R$ 5,99",Bazar-E-Utilidades
Churrasqueira Elétrica Tok Grill 127v,"R$ 33,90",Bazar-E-Utilidades
Pote Plástico Plásutil Decorado Quadrado 200ml,"R$ 189,90",Bazar-E-Utilidades
Palito De Dente Gaboardi C/ 160 Unid.,"R$ 5,79",Bazar-E-Utilidades
Chinelo Havaianas Top Infantil Número 23 À 32,"R$ 2,15",Bazar-E-Utilidades
Chinelo Havaianas Brasil 33 À 47 Unid.,"R$ 36,90",Bazar-E-Utilidades
Plug Adaptador Kimarc 2p + Terra Iluminação,"R$ 63,99",Bazar-E-Utilidades
Esguicho Plástico Kimarc + União 3/4x1/2,"R$ 11,99",Bazar-E-Utilidades
Fita Para Embalar Kimarc 48mm X 40m,"R$ 8,99",Bazar-E-Utilidades
Prego Kimarc 17x21 Peso Líquido 65g,"R$ 12,99",Bazar-E-Utilidades
Fita Adesiva Kimarc 20m,"R$ 6,99",Bazar-E-Utilidades
Válvula Kimarc Clock/Globo/Fulg/Pen C/ 2 Unid.,"R$ 4,49",Bazar-E-Utilidades
Copo De Vidro Nadir Dose 45ml,"R$ 6,99",Bazar-E-Utilidades
Forma Panelux Redonda Polida Classic 26cm,"R$ 3,99",Bazar-E-Utilidades
Odorizante Para Automóvel Glade Gel Citrus 70g,"R$ 42,90",Bazar-E-Utilidades
Kit Escolar Bic Cristal 3 Lápis + 2 Canetas + 1 Borracha + 1 Apontador,"R$ 12,89",Bazar-E-Utilidades
Kit Escolar Bic 12 Lápis De Cor Evolution + 1 Borracha + 1 Apontador + 2 Canetas + Grátis 4 Lápis Pretos,"R$ 21,90",Bazar-E-Utilidades
Escumadeira Para Fritura Original Cook N.34 Unid.,"R$ 32,90",Bazar-E-Utilidades
Pegador Para Salada Original Premium 29cm Unid.,"R$ 16,90",Bazar-E-Utilidades
Faca Original Wood Design N.5,"R$ 19,69",Bazar-E-Utilidades
Faca Original Pantanal N.6,"R$ 14,99",Bazar-E-Utilidades
Vela De Aniversário Junco Vermelha Glitter Número 5 Unid.,"R$ 25,99",Bazar-E-Utilidades
Chinelo Rider Street Slide Adulto Unid.,"R$ 9,89",Bazar-E-Utilidades
Taça Ruvolo Berlin Vidro 330ml,"R$ 64,90",Bazar-E-Utilidades
Copo De Vidro Ruvolo Mirage On The Rocks 280ml,"R$ 14,90",Bazar-E-Utilidades
Caixa Organizadora Ligbrin Rattan Médio 16l,"R$ 9,99",Bazar-E-Utilidades
Silicone Proauto Gel 150g,"R$ 43,90",Bazar-E-Utilidades
Caçarola Panelux Magnific C/ Tampa Grafite 26cm,"R$ 14,99",Bazar-E-Utilidades
Cabide Melare Plástico Adulto C/ 3 Unid.,"R$ 89,90",Bazar-E-Utilidades
Tigela De Vidro Nadir Americano C/ Tampa 1l,"R$ 8,99",Bazar-E-Utilidades
Chinelo Havaianas Kids Flores 23 À 36 Unid.,"R$ 29,90",Bazar-E-Utilidades
Óleo De Motor Texaco Havoline Superior 20w50 Sl Mineral 1l,"R$ 47,90",Bazar-E-Utilidades
Lâmpada Kian Led Bulbo 15w 6500k E27 Bivolt,"R$ 33,90",Bazar-E-Utilidades
Corante Guarani Fixacor 40g,"R$ 14,99",Bazar-E-Utilidades
Colher Descartável Facilita Pronto Master C/ 50 Unid.,"R$ 7,49",Bazar-E-Utilidades
Pote De Vidro Marinex Facilita Vap Retangular 750ml,"R$ 16,29",Bazar-E-Utilidades
Vela De Aniversário Junco Live Collors C/ Gliter Azul Número 0 Unid.,"R$ 34,90",Bazar-E-Utilidades
Assadeira Life Clean Oval Descartável 7l,"R$ 9,99",Bazar-E-Utilidades
Lápis De Cor Multicolor Ecolapis 12 Cores + 2 Lápis,"R$ 9,69",Bazar-E-Utilidades
Resistência Lorenzetti Ultra 220v 5500w Unid.,"R$ 10,90",Bazar-E-Utilidades
Balão Junco Metalizado Dourado 40cm N.0,"R$ 35,90",Bazar-E-Utilidades
Taça Coza De Sobremesa Cozy 150ml Unid.,"R$ 7,95",Bazar-E-Utilidades
Silicone Proauto Multiuso Aqua 321ml,"R$ 5,79",Bazar-E-Utilidades
Tomada Kimarc Externa 2p + T,"R$ 29,90",Bazar-E-Utilidades
Balão Junco Liso Rosa Número 7 C/ 50 Unid.,"R$ 8,99",Bazar-E-Utilidades
Balão Junco Liso Branco Número 7 C/ 50 Unid.,"R$ 18,90",Bazar-E-Utilidades
Corante Para Bolo Junco Líquido Azul 10ml,"R$ 18,90",Bazar-E-Utilidades
Feltro Scotch Marrom Quadrado P C/ 12 Unid.,"R$ 8,25",Bazar-E-Utilidades
Bule Térmico Invicta Viena Preto 750ml,"R$ 10,29",Bazar-E-Utilidades
Vela Aniversário Junco Branca Número 4 Unid.,"R$ 61,90",Bazar-E-Utilidades
Limpa Estofado Luxcar 400ml,"R$ 49,90",Bazar-E-Utilidades
Lava Autos Proauto C/ Cera 500ml,"R$ 4,19",Bazar-E-Utilidades
Colher Tramontina De Chá Inox Leme Azul - Unidade,"R$ 19,99",Bazar-E-Utilidades
Concha Plasútil Unid.,"R$ 16,90",Bazar-E-Utilidades
Taça Plasutil Sobremesa Glamour,"R$ 2,99",Bazar-E-Utilidades
Chinelo Havaianas Top Disney,"R$ 7,89",Bazar-E-Utilidades
Garrafa Termica Invicta Vogue Vermelha 750ml Unidade,"R$ 12,90",Bazar-E-Utilidades
Garrafa De Alumínio Catuai Estampada Unidade 500ml,"R$ 58,90",Bazar-E-Utilidades
Assadeira Panelux Classic Alumínio Polido 38x26,"R$ 39,90",Bazar-E-Utilidades
Massa Durepox Kimarc 50g,"R$ 19,90",Bazar-E-Utilidades
Corante Guarany Tingecor Vinho 40g,"R$ 54,90",Bazar-E-Utilidades
Corante Guarany Tingecor Vermelho 40g,"R$ 13,99",Bazar-E-Utilidades
Conjunto Ruvolo Sobremesa New Paradise Vidro 12 Peças 220ml,"R$ 5,99",Bazar-E-Utilidades
Garrafa Térmica Termolar Magic Pump Vermelho 1l Ref 56518 Unid.,"R$ 5,99",Bazar-E-Utilidades
Cortador De Pizza Tramontina Preto Utilita Unid.,"R$ 59,90",Bazar-E-Utilidades
Colher De Sorvete Tramontina Utilita Preto Unid.,"R$ 72,90",Bazar-E-Utilidades
Petisqueira Plástica Paramount Le Cheff Redonda Branca Com 4 Divisões,"R$ 36,90",Bazar-E-Utilidades
Vela São Domingos Aromática Andiroba 160g,"R$ 29,90",Bazar-E-Utilidades
Vela São Domingos Aromática Capim Limão 130g,"R$ 22,90",Bazar-E-Utilidades
Copo Descartável Altacoppo 550ml C/ 50 Unid.,"R$ 10,89",Bazar-E-Utilidades
Resistência Kimarc Tipo Lorenzetti 127v 5400w,"R$ 10,89",Bazar-E-Utilidades
Copo Descartável Strawplast Cristal 300ml,"R$ 19,99",Bazar-E-Utilidades
Garrafa Térmica Invicta Sevilha Vermelho Velvet 1l,"R$ 8,99",Bazar-E-Utilidades
"Porta Mantimentos Ligbrin Cristal - 1,5 Litro","R$ 14,59",Bazar-E-Utilidades
Frigideira Brinox Fun Mostarda - 22cm,"R$ 49,90",Bazar-E-Utilidades
Cloro Hidroall Para Piscinas Penta 10kg,"R$ 24,90",Bazar-E-Utilidades
Marmita Paramount Plástica Pratica 12x8x9cm Unidade,"R$ 34,90",Bazar-E-Utilidades
Organizador Paramount Para 6 Latas - Unidade,"R$ 299,00",Bazar-E-Utilidades
Óleo Motor Ipiranga F1 Master Protection 20w50 1l,"R$ 17,90",Bazar-E-Utilidades
Lápis De Cor Faber Castell Caras & Cores 24+3cores,"R$ 35,90",Bazar-E-Utilidades
"Caneta Faber Castell Azul, Preta E Vermelho C/ 3 Unid.","R$ 36,90",Bazar-E-Utilidades
Caderno Foroni Brochurão Divertidamente 80 Folhas,"R$ 46,99",Bazar-E-Utilidades
Caderno Tilibra Espiral Mickey 10 Matérias 160 Folhas,"R$ 16,99",Bazar-E-Utilidades
Taça De Cerveja Nadir Floripa 300ml,"R$ 42,99",Bazar-E-Utilidades
Guarda Chuva Proteja-Se Mini Proteção Solar Unid.,"R$ 69,99",Bazar-E-Utilidades
Pote Plástico Plasútil Trava Mais Retangular 360ml,"R$ 12,99",Bazar-E-Utilidades
"Pote Plástico Plasútil Trava Mais Retangular 1,3l","R$ 27,90",Bazar-E-Utilidades
Apontador Faber Castell C/ Depósito Cristal Unid.,"R$ 9,99",Bazar-E-Utilidades
Caderno Foroni Espiral Mickey 80 Folhas,"R$ 27,90",Bazar-E-Utilidades
Filtro Exaustor Anis 80x60cm,"R$ 5,99",Bazar-E-Utilidades
Marca Texto Faber Castell Grifpen Com Cheirinho Relvigora E Energiza Com 5 Unid,"R$ 44,99",Bazar-E-Utilidades
"Kit Escolar Faber Castell 2 Lápis, 1 Borracha 1 Apontador Verde Pastel","R$ 10,49",Bazar-E-Utilidades
Tábua Original Para Corte 37cm Unid.,"R$ 33,90",Bazar-E-Utilidades
Vela Moroaba Número 10 Branca 484g,"R$ 17,99",Bazar-E-Utilidades
Garrafa Térmica Invicta Glt Lisa Preta 1l,"R$ 25,90",Bazar-E-Utilidades
Silicone Proauto Secagem Rápida 120ml,"R$ 25,90",Bazar-E-Utilidades
Saco Hermético Wyda C/ Fechamento Slider 19x17cm Unid.,"R$ 52,90",Bazar-E-Utilidades
Kit Ralo Telinha + Válvula De Segurança Kimarc Unidade,"R$ 15,99",Bazar-E-Utilidades
Ducha Lorenzetti Fashion Branca 220v 5500w,"R$ 15,35",Bazar-E-Utilidades
Pino 3 Saidas Kimarc Abnt C/ 1,"R$ 7,99",Bazar-E-Utilidades
"Bucha Kimarc Número 8 C/ 5 Unid. + 5 Parafusos 4,8x50","R$ 145,90",Bazar-E-Utilidades
Fita Para Embalar Kimarc 48mmx40m,"R$ 10,99",Bazar-E-Utilidades
Pote De Vidro Marinex Facilita Vap Quadrado 1l Unid.,"R$ 6,99",Bazar-E-Utilidades
Braço De Chuveiro Kimarc 40cm Unid.,"R$ 12,99",Bazar-E-Utilidades
Ralo Para Válvula Kimarc Cromado Americana,"R$ 36,90",Bazar-E-Utilidades
"Lasanheira Vidro Marinex Retangular C/ Tampa 5,3l","R$ 19,99",Bazar-E-Utilidades
Porta Talheres Plasútil C/ 5 Divisórias,"R$ 5,99",Bazar-E-Utilidades
Boneca Barbie Fashion Mattel Unid.,"R$ 84,90",Bazar-E-Utilidades
Chinelo Havaianas Baby Disney Classics,"R$ 25,90",Bazar-E-Utilidades
Espátula Original Curva Premium N.2.5 Unid.,"R$ 52,90",Bazar-E-Utilidades
Chinelo Havaianas Color Essential,"R$ 52,90",Bazar-E-Utilidades
Taça Ruvolo Bélgica Vidro 380ml,"R$ 24,90",Bazar-E-Utilidades
Taça Ruvolo Cristal Baden Baden Brasão 360ml,"R$ 52,90",Bazar-E-Utilidades
"Caixa Organizadora Ligbrin Rattan Mini 2,5l Sortidos","R$ 14,90",Bazar-E-Utilidades
Colher De Mesa Tramontina Inox Leme Preta Unid.,"R$ 41,90",Bazar-E-Utilidades
Baralho Copag 157 C/ 54 Cartas Unid.,"R$ 15,59",Bazar-E-Utilidades
Lava Autos Luxcar C/ Cera 500ml,"R$ 3,69",Bazar-E-Utilidades
Frigideira Panelux Francesa Cereja Premium 24 Aa,"R$ 21,90",Bazar-E-Utilidades
Jogo De Taça Nadir Agua Paulista 250ml C/6 Unid.,"R$ 16,89",Bazar-E-Utilidades
Caneca De Vidro Nadir Bistrol Cerveja 340ml,"R$ 54,90",Bazar-E-Utilidades
Frigideira Panelux Wok Cereja Magnific Aa 24cm,"R$ 43,90",Bazar-E-Utilidades
Copo Descartavel Facilita Pronto Cristal 200ml C/ 50 Unid.,"R$ 28,90",Bazar-E-Utilidades
Panela Panelux Magnific Com Tampa Grafite 20cm,"R$ 69,90",Bazar-E-Utilidades
Assadeira Life Clean Oval Descartável 4l,"R$ 14,29",Bazar-E-Utilidades
"Caçarola Ebony Com Tampa Preto Brinox 2,5 Litro 20x9cm","R$ 59,90",Bazar-E-Utilidades
Porta Escova Coza Bulky Com Tampa,"R$ 5,99",Bazar-E-Utilidades
Resistência Lorenzetti Ultra 127v 5500w 3 Temperatura Unid.,"R$ 89,90",Bazar-E-Utilidades
Balão Junco Metalizado Prata 40cm N.5,"R$ 26,90",Bazar-E-Utilidades
Balão Junco Metalizado Dourado 40cm N.2,"R$ 35,90",Bazar-E-Utilidades
Balão Junco Látex Liso Preto Número 70 C/ 50 Unid.,"R$ 7,95",Bazar-E-Utilidades
Balão Junco Gigante Azul Número 250,"R$ 7,95",Bazar-E-Utilidades
Corante Para Bolo Junco Líquido Vermelho 10ml,"R$ 18,90",Bazar-E-Utilidades
Cabides Catuai Preto Adulto - 6 Unidades,"R$ 15,90",Bazar-E-Utilidades
Afiador De Facas Mozcada Unid.,"R$ 8,25",Bazar-E-Utilidades
Xícara De Café Nadir Americano 90ml,"R$ 6,99",Bazar-E-Utilidades
Copo Plástico Plasútil Com Tampa Orelha Mickey - 500ml,"R$ 29,90",Bazar-E-Utilidades
Caneta Bic Marca Texto Amarelo Fino,"R$ 12,65",Bazar-E-Utilidades
Caixa Térmica Mor Azul 34l,"R$ 15,99",Bazar-E-Utilidades
Conjunto Para Fondue Brinox Preto C/ 10 Peças,"R$ 4,79",Bazar-E-Utilidades
Prato Duralex Fundo Astral 22cm Unid.,"R$ 99,90",Bazar-E-Utilidades
Resistência Lorenzetti Maxi Ducha 4t 127v 5500w Unid.,"R$ 129,90",Bazar-E-Utilidades
Prendedor Roupa Gina Madeira C/ 12 Unid.,"R$ 7,99",Bazar-E-Utilidades
Caneta Faber Castell Esferográfica Trilux Média Azul C/ 3 Unid.,"R$ 32,90",Bazar-E-Utilidades
Borracha Escolar Mercur Branca Record 20 Com 2 Unidades,"R$ 5,65",Bazar-E-Utilidades
Cola Escolar Bic Branca 90g,"R$ 4,99",Bazar-E-Utilidades
Espeto Gina Madeira C/ 100 Unid.,"R$ 3,69",Bazar-E-Utilidades
Liquidificador Mondial Turbo Power Vermelho 127v,"R$ 8,85",Bazar-E-Utilidades
Escova Sanitária Melare Sany Nylon C/ Estojo,"R$ 14,90",Bazar-E-Utilidades
Extensão Tripla Kimarc 2p + Terra 2m,"R$ 149,90",Bazar-E-Utilidades
Pino Triângulo Kimarc Perlex,"R$ 18,99",Bazar-E-Utilidades
Bico Torneira Plástica Kimarc Robusto 3/4,"R$ 49,90",Bazar-E-Utilidades
Registro Para Gas Kimarc,"R$ 9,99",Bazar-E-Utilidades
Churrasqueira Mor Montana Unid.,"R$ 4,99",Bazar-E-Utilidades
Espeto Mor Duplo 65cm Unid.,"R$ 39,90",Bazar-E-Utilidades
Faca Mor Assador Número 8 Unid.,"R$ 214,90",Bazar-E-Utilidades
Cortador Pizza Original Cook Unid.,"R$ 13,99",Bazar-E-Utilidades
Colher Original Cook 33.5cm Unid.,"R$ 27,90",Bazar-E-Utilidades
Vela De Aniversário Junco Ouro Glitter Número 8 Unid.,"R$ 16,29",Bazar-E-Utilidades
Vela De Aniversário Junco Vermelha Glitter Número 1 Unid.,"R$ 13,99",Bazar-E-Utilidades
Pino Femea Kimarc 10a 250v Unid.,"R$ 9,89",Bazar-E-Utilidades
Vela Aniversário Junco Emoji Beijinho Unid.,"R$ 9,89",Bazar-E-Utilidades
Odorizante Para Automóvel Proauto Breeza Sens Extra Forte Extreme - 5ml,"R$ 6,99",Bazar-E-Utilidades
Assadeira Panelux Classic Alumínio Polido 33x22,"R$ 13,79",Bazar-E-Utilidades
Bule Térmico Invicta Viena Baby C/ Gatilho Verde Lime 400ml,"R$ 22,99",Bazar-E-Utilidades
Frigideira Panelux Wok Rose Magnific Aa 24cm,"R$ 44,90",Bazar-E-Utilidades
Lâmpada Kian Led Bulbo 9w 6500k E27 Bivolt,"R$ 62,90",Bazar-E-Utilidades
Chaira Profissional Branca Aço Carbono Original Line Premium 8,"R$ 69,90",Bazar-E-Utilidades
Balão Junco Látex Liso Verde Escuro Número 70 C/ 50 Unid.,"R$ 7,99",Bazar-E-Utilidades
Vela Aniversário Junco Live Collors C/ Gliter Azul Número 6 Unid.,"R$ 49,90",Bazar-E-Utilidades
"Frigideira Ebony Preto Brinox 1,2 Litro 22x4cm","R$ 18,90",Bazar-E-Utilidades
"Panela Ebony Com Tampa Preto Brinox 1,75litro 18x8cm","R$ 9,99",Bazar-E-Utilidades
Caderno Tilibra Espiral It! 160 Folhas,"R$ 49,90",Bazar-E-Utilidades
Caderno Foroni Espiral Cliff 80 Folhas,"R$ 69,90",Bazar-E-Utilidades
Lápis Faber Castell Grafite Ecolapis Sextavado Leve 6 Pague 5,"R$ 51,90",Bazar-E-Utilidades
Bisnaga Plasútil Para Mostarda 280ml,"R$ 13,90",Bazar-E-Utilidades
Balão Junco Metalizado Prata 40cm N.2,"R$ 8,99",Bazar-E-Utilidades
Balão Junco Metalizado Dourado 40cm N.9,"R$ 8,55",Bazar-E-Utilidades
Balão Junco Metalizado Prata 40cm N.0,"R$ 7,95",Bazar-E-Utilidades
Cloro Hidroall Para Piscinas Penta Tablete 200g,"R$ 7,95",Bazar-E-Utilidades
Resistência Lorenzetti Advanced T 220v 7500w Unid.,"R$ 7,95",Bazar-E-Utilidades
Saco Lixo Saron Família C/ 10 Unid. 200l,"R$ 12,90",Bazar-E-Utilidades
Adubo Green Fix 10.10.10 1kg,"R$ 52,90",Bazar-E-Utilidades
Balão Junco Gigante Rosa Número 250,"R$ 28,90",Bazar-E-Utilidades
Forminha Junco Papel Azul Royal Número 5 C/ 100 Unid.,"R$ 29,90",Bazar-E-Utilidades
Espremedor Para Alho Catuai - 15cm,"R$ 15,90",Bazar-E-Utilidades
Vela Aniversário Junco Branca Número 1 Unid.,"R$ 2,99",Bazar-E-Utilidades
Vela Aniversário Junco Big Branca Número 8 Unid.,"R$ 6,99",Bazar-E-Utilidades
Copo De Vidro Nadir Vegas Long Drink 330ml Unid.,"R$ 4,19",Bazar-E-Utilidades
Jogo De Copo Nadir Long Drink Topázio C/ 6 Unid. 360ml,"R$ 4,19",Bazar-E-Utilidades
Copo Plástico Plasútil Neon Baixo 280ml Unid.,"R$ 9,19",Bazar-E-Utilidades
Faca Descartável Facilita & Pronto Refeição Branca - 50 Unidades,"R$ 64,90",Bazar-E-Utilidades
Borrifador Vertix Plástico Bola 150ml - Unidade,"R$ 4,09",Bazar-E-Utilidades
Jogo Copo Nadir Sm Nature C/ 6 Unid. 270ml,"R$ 6,79",Bazar-E-Utilidades
Massa Para Modelar Acrilex Soft C/ 6 Potes Cores 900g,"R$ 13,99",Bazar-E-Utilidades
Frigideira Tramontina Wok Loreto Preta 28cm,"R$ 19,90",Bazar-E-Utilidades
Taca Bohemia Vinho Gastro Cristal 650ml,"R$ 64,90",Bazar-E-Utilidades
Cesto Plasútil Para Roupas Trama Cinza 40l Unid.,"R$ 89,90",Bazar-E-Utilidades
Corante Guarany Tingecor Amarelo 40g,"R$ 27,90",Bazar-E-Utilidades
Tiracor Guarany 40g,"R$ 139,90",Bazar-E-Utilidades
Cutelo Peixeira Original Premium Ref Sl0338,"R$ 5,99",Bazar-E-Utilidades
Jogo Tramontina Trinchante Plenus 2 Peças,"R$ 6,55",Bazar-E-Utilidades
Panquequeira Tramontina Vermelha 22cm,"R$ 41,90",Bazar-E-Utilidades
Pote Plástico Plásutil Decorado Redondo 480ml,"R$ 45,90",Bazar-E-Utilidades
Copo Vidro Nadir Coca Cola Contour 270ml,"R$ 59,90",Bazar-E-Utilidades
Kit Churrasco Strawplast Pratos + Garfos +F Acas,"R$ 5,99",Bazar-E-Utilidades
Copo Vidro Sm Aruba Long Drink 465ml,"R$ 15,90",Bazar-E-Utilidades
Processador De Alimentos Manual Infinite Smart,"R$ 37,90",Bazar-E-Utilidades
Boneca Mattel Barbie Praia,"R$ 10,99",Bazar-E-Utilidades
Bateria Duracell Lítio Metálico Cr 2032 C/ 2 Unid.,"R$ 47,90",Bazar-E-Utilidades
"Regador Pet Garden 2,4lt","R$ 49,90",Bazar-E-Utilidades
"Porta Frios Ligbrin Retangular Com Separador - 1,1 Litro","R$ 35,90",Bazar-E-Utilidades
Pote Plástico Ligbrin Retângulo - 3 Litros,"R$ 19,45",Bazar-E-Utilidades
"Cloro Hidroall Para Piscinas Fibra/Vinil 2,5kg","R$ 33,90",Bazar-E-Utilidades
Mop Simplo Giro Fit Balde Com Esfregão - 8 Litros,"R$ 31,90",Bazar-E-Utilidades
Pote Plástico Plasutil Organizador Gire E Trave Com Alça M - 5 Peças,"R$ 109,90",Bazar-E-Utilidades
"Bowl Plast Paramount Red Bca 23,5x14,5cm","R$ 79,90",Bazar-E-Utilidades
"Travessa Paramount Oval Com Friso Le Chef Branca 33,5x23,5x12,5cm","R$ 24,90",Bazar-E-Utilidades
Pote Plástico Paramount Hermético Lumini Quadrado 480ml,"R$ 23,90",Bazar-E-Utilidades
Suporte Para Coador Melitta 103 Unid.,"R$ 33,90",Bazar-E-Utilidades
Caneca De Vidro Nadir Aspen 300ml Unid.,"R$ 25,90",Bazar-E-Utilidades
Caderno São Domingos Espiral My Pets 80 Folhas,"R$ 11,75",Bazar-E-Utilidades
Corretivo Líquido Bic Ecolutions 18ml,"R$ 9,99",Bazar-E-Utilidades
Caneca Vidro Nadir Americano 270ml,"R$ 25,90",Bazar-E-Utilidades
Caneta Bic Esferográfica Cristal Fashion Cores C/4 Unid.,"R$ 8,70",Bazar-E-Utilidades
Massa Para Modelar Acrilex Soft C/ 12 Cores Foscas 180g,"R$ 14,75",Bazar-E-Utilidades
Taça Ruvolo Champagne One 200ml,"R$ 12,90",Bazar-E-Utilidades
Faca Tramontina Para Carne Plenus Número 8,"R$ 7,99",Bazar-E-Utilidades
Guarda Chuva Proteja-Se Longo Portaria Curvo Preto Automatico Unid.,"R$ 20,90",Bazar-E-Utilidades
Forma Plástico Plasútil Para Gelo Garrafa Unid.,"R$ 33,90",Bazar-E-Utilidades
"Guardanapo Scott Folha Simples Dia A Dia Grande 30x26,2cm C/ 50 Unid.","R$ 37,90",Bazar-E-Utilidades
Vela Moroaba Novena 380g,"R$ 5,99",Bazar-E-Utilidades
Espátula Plasútil Unid.,"R$ 6,09",Bazar-E-Utilidades
Jogo De Taças Nadir Sorvete Paulista 400ml C/4 Unid.,"R$ 20,90",Bazar-E-Utilidades
Forma Plástica Plasútil Para Gelo Unid.,"R$ 6,99",Bazar-E-Utilidades
Fita Isolante Kimarc Anti Chamas 5m,"R$ 48,90",Bazar-E-Utilidades
"Bucha Kimarc Número 10 C/ 3 Unid. + 3 Parafusos 5,5x55","R$ 7,99",Bazar-E-Utilidades
"Mangueira Para Gás Kimarc 1,25m Unid.","R$ 6,99",Bazar-E-Utilidades
Prego Kimarc 10x10 Peso Líquido 50g,"R$ 5,99",Bazar-E-Utilidades
Prego Kimarc 12x12 Preso Líquido 50g,"R$ 38,90",Bazar-E-Utilidades
Escorredor Plasútil Talheres Decorado,"R$ 7,99",Bazar-E-Utilidades
Ducha Lorenzetti Maxi Blis 220v 5500w,"R$ 6,99",Bazar-E-Utilidades
Ducha Lorenzetti Bello C/ Cano 220v 5500w,"R$ 11,90",Bazar-E-Utilidades
Faca Original Peixeira Premium N.6,"R$ 94,90",Bazar-E-Utilidades
Kit Escolar Molin Office Plus 1 Caneta + 1 Lapiseira +1 Tubo Grafite + 12 Refil Borracha Lapiseira Unidade,"R$ 109,90",Bazar-E-Utilidades
Vela De Aniversário Junco Ouro Glitter Número 2 Unid.,"R$ 31,90",Bazar-E-Utilidades
Vela De Aniversário Junco Vermelha Glitter Número 0 Unid.,"R$ 28,90",Bazar-E-Utilidades
Vela De Aniversário Junco Ouro Glitter Número 3 Unid.,"R$ 9,89",Bazar-E-Utilidades
Vela De Aniversário Junco Vermelha Glitter Número 3 Unid.,"R$ 9,89",Bazar-E-Utilidades
Conjunto De Pote Plasutil Pop Quadrado 3 Peças Unid.,"R$ 9,89",Bazar-E-Utilidades
Bico Para Mangueira Plástico Kimarc Unid.,"R$ 9,89",Bazar-E-Utilidades
Chinelo Havaianas Kids Athletic,"R$ 24,49",Bazar-E-Utilidades
Taça Ruvolo Água One 490ml,"R$ 8,99",Bazar-E-Utilidades
Prendedor De Roupa Ligbrin Prende Fácil C/ 18 Unid.,"R$ 47,90",Bazar-E-Utilidades
Frigideira Panelux Francesa Cereja Premium 22 Aa,"R$ 14,90",Bazar-E-Utilidades
Copo De Vidro Sm Lager Cerveja 200ml,"R$ 15,99",Bazar-E-Utilidades
Lâmpada Kian Led Bulbo 12w 3000k E27 Bivolt,"R$ 49,90",Bazar-E-Utilidades
Espátula Original Line Para Manteiga C/ 4 Unid.,"R$ 7,89",Bazar-E-Utilidades
Ferro Vapor Mondial Branco/Azul 127v,"R$ 12,99",Bazar-E-Utilidades
Bisnaga Plasútil Para Maionese 280ml,"R$ 29,90",Bazar-E-Utilidades
Pote De Vidro Marinex Facilita Vap Quadrado 300ml,"R$ 139,90",Bazar-E-Utilidades
Chinelo Rider R1 Style Unid.,"R$ 7,19",Bazar-E-Utilidades
Caderno Espiral Flork Jandaia 80 Folhas,"R$ 16,95",Bazar-E-Utilidades
Porta Sabonete Líquido Coza Bulky 450ml,"R$ 46,90",Bazar-E-Utilidades
Balão Junco Metalizado Dourado 40cm N.8,"R$ 21,90",Bazar-E-Utilidades
Balão Junco Metalizado Dourado 40cm N.7,"R$ 25,90",Bazar-E-Utilidades
Rasteirinha Kl Calçados Solemar Unid.,"R$ 7,95",Bazar-E-Utilidades
Balão Junco Liso Vermelho Número 7 C/ 50 Unid.,"R$ 7,95",Bazar-E-Utilidades
Corante Para Bolo Junco Líquido Rosa 10ml,"R$ 29,99",Bazar-E-Utilidades
"Kit Bacia Goup Premium Com 3 Unidade 1,5l, 2,5l E 4l","R$ 18,90",Bazar-E-Utilidades
Acendedor Multiuso Bic Mega Lighter Unid.,"R$ 8,25",Bazar-E-Utilidades
Vela Aniversário Junco Branca Número 3 Unid.,"R$ 12,90",Bazar-E-Utilidades
Grelha Mor Simples Numero 2 Unid.,"R$ 33,90",Bazar-E-Utilidades
Garfo Descartável Facilita & Pronto Para Refeição Branco - 50 Unidades,"R$ 4,19",Bazar-E-Utilidades
Faca De Mesa Tramontina Inox Leme Azul - Unidade,"R$ 57,90",Bazar-E-Utilidades
Odorizante Para Automóvel Glade Refil Sport Acqua Gratis Aparelho 7ml,"R$ 6,79",Bazar-E-Utilidades
Conjunto Tramontina Facas Plenus Preto Com Suporte - 6 Peças,"R$ 3,69",Bazar-E-Utilidades
Fritadeira Mondial Air Fryer Preto 6 Litros 127v,"R$ 30,90",Bazar-E-Utilidades
Jogo De Copo Sm Aruba Long Drink 475ml C/ 6 Unid.,"R$ 115,99",Bazar-E-Utilidades
Taça Sm Vinho Royal Degustação 615ml,"R$ 699,00",Bazar-E-Utilidades
Cumbuca Plástica Coza Uno Preta 500ml,"R$ 61,90",Bazar-E-Utilidades
"Cesto Para Frituras Top Prat Inox Brinox 18x11,5cm Ref 2204/020 Unid.","R$ 19,89",Bazar-E-Utilidades
Panela Brinox Com Tampa Vermelho 16x7cm,"R$ 10,90",Bazar-E-Utilidades
Cumbuca Plast Coza Cozy 300ml Unid. Ref 20117/0009,"R$ 39,90",Bazar-E-Utilidades
Chinelo Ipanema Infantil Polly Max Stell,"R$ 74,90",Bazar-E-Utilidades
Máquina Cafeteira Três Touch Vermelha 127v,"R$ 5,99",Bazar-E-Utilidades
Organizador Coza Talheres Perfect Natural,"R$ 36,90",Bazar-E-Utilidades
Cumbuca Plástica Coza Uno Preta 300ml,"R$ 749,90",Bazar-E-Utilidades
Jogo De Medidas Infinite Colors,"R$ 45,90",Bazar-E-Utilidades
Saco Hermet Ziploc Para Levar Pequeno C/ 14 Unid.,"R$ 6,99",Bazar-E-Utilidades
Limpa Vidros Proauto Gatilho 500ml,"R$ 19,90",Bazar-E-Utilidades
Ducha Lorenzetti Shower Multi 127v 5500w,"R$ 16,99",Bazar-E-Utilidades
Lampada Kian Led Mini T 9w 6500k E27 Bivolt - Unidade,"R$ 14,79",Bazar-E-Utilidades
Pote Plástico Ligbrin Retangular 500ml - 2 Unidades,"R$ 122,90",Bazar-E-Utilidades
Pote Plástico Ligbrin Retangular - 500ml,"R$ 8,99",Bazar-E-Utilidades
"Saca Rolha Brinox Preto 17,5cm - Unidade","R$ 34,90",Bazar-E-Utilidades
"Pote Plástico Paramount Slim Multiuso Branco - 2,030ml","R$ 13,90",Bazar-E-Utilidades
Porta Sabão Líquido Plasútil C/ Dosador,"R$ 26,90",Bazar-E-Utilidades
Tigela Bowl Nadir Astral 1l,"R$ 41,90",Bazar-E-Utilidades
Caneta Bic Esf 4 Cores Rose Gold Unid,"R$ 18,90",Bazar-E-Utilidades
Copo Plástico Plasútil Com Tampa Orelha Mínnie 500ml,"R$ 17,90",Bazar-E-Utilidades
Lápis Faber Castell Glitiz Grafite Red C/ 4 Unid.,"R$ 24,99",Bazar-E-Utilidades
"Kit Escolar Faber Castell 2 Lápis, 1 Borracha 1 Apontador Preto","R$ 15,99",Bazar-E-Utilidades
"Kit Escolar Faber Castell 2 Lápis, 1 Borracha 1 Apontador Rosa Pastel","R$ 9,99",Bazar-E-Utilidades
Caderno São Domingos Espiral Alice 10 Matérias 160 Folhas Unid.,"R$ 15,99",Bazar-E-Utilidades
Chinelo Havaianas Elegance,"R$ 17,99",Bazar-E-Utilidades
Lâmpada Ourolux Superled Alta Potência T40w 3200 Lm E27 6500k,"R$ 49,90",Bazar-E-Utilidades
Garrafa Térmica Invicta Arábica Cappuccino 1l,"R$ 45,99",Bazar-E-Utilidades
"Tigela De Vidro Marinex Astral C/ Tampa 1,5l","R$ 34,90",Bazar-E-Utilidades
Conjunto De Xícaras C/ Pires De Vidro Brinox Pavillion 70ml C/ 6 Unid.,"R$ 42,90",Bazar-E-Utilidades
Protetor Vinil/Couro Proauto 200ml,"R$ 37,90",Bazar-E-Utilidades
Vela Moroaba Recho Canela 90g,"R$ 62,90",Bazar-E-Utilidades
Filtro Para Coifas Scotch Brite Unid.,"R$ 25,90",Bazar-E-Utilidades
Garrafa Térmica Termolar Personal Inox 1l,"R$ 9,89",Bazar-E-Utilidades
Copo De Vidro Nadir Tulipa Para Cerveja 330ml,"R$ 14,90",Bazar-E-Utilidades
Garrafa Térmica Termolar Personal Preta 1l,"R$ 149,90",Bazar-E-Utilidades
Odorizante Para Automóvel Proauto Gel Morango 60g,"R$ 11,45",Bazar-E-Utilidades
Conector Kimarc Porcelana 10mm 2p Unid.,"R$ 72,90",Bazar-E-Utilidades
Abraçador De Rosca Kimarc S/Fim 5/8x3/4 C/ 1 Unid.,"R$ 14,99",Bazar-E-Utilidades
Grelha Mor Super Grill Dupla Número 1 Unid.,"R$ 8,99",Bazar-E-Utilidades
Espeto Mor Simples 75cm Unid.,"R$ 3,89",Bazar-E-Utilidades
Ralo Para Lavatório Kimarc C/ Telinha Unid.,"R$ 45,90",Bazar-E-Utilidades
Chinelo Cartago Dakar Unid.,"R$ 16,99",Bazar-E-Utilidades
Vaso Plástico Pet Garden Preto N.03,"R$ 4,99",Bazar-E-Utilidades
Frigideira Panelux Wok Cereja C/ Tampa Aa 24cm,"R$ 39,99",Bazar-E-Utilidades
Ducha Lorenzetti Top Jet Mult 127v 5500w Unid.,"R$ 7,15",Bazar-E-Utilidades
Cadeado Pado Blister 30mm Unid.,"R$ 109,90",Bazar-E-Utilidades
Kit Completo Faber Castell Lápis De Cor 12 Unid. + 2 Lápis Preto + 1 Apontador + 1 Borracha,"R$ 159,90",Bazar-E-Utilidades
"Panela Pressão Panelux Fechamento Externo Cereja 4,5l","R$ 35,90",Bazar-E-Utilidades
"Concha Original Cook Inox 32,8cm","R$ 30,45",Bazar-E-Utilidades
Vela De Aniversário Junco Ouro Glitter Número 6 Unid.,"R$ 149,00",Bazar-E-Utilidades
Vela De Aniversário Junco Ouro Glitter Número 9 Unid.,"R$ 12,90",Bazar-E-Utilidades
Odorizante Para Automóvel Proauto Breeze Sens Oceano 5ml,"R$ 9,89",Bazar-E-Utilidades
Odorizante Proauto Breeze Sensations Energy 5g,"R$ 9,89",Bazar-E-Utilidades
Cola Super Bonder Flex Gel 2g,"R$ 22,99",Bazar-E-Utilidades
Chinelo Havaianas Top Basic Unid.,"R$ 22,99",Bazar-E-Utilidades
Acendedor De Carvão Tok Grill Elétrico 127v,"R$ 11,99",Bazar-E-Utilidades
Tábua De Corte Oikos Ultrafina Arredondada 32x22cm,"R$ 58,69",Bazar-E-Utilidades
Panela Panelux Magnific C/ Tampa Grafite 16cm,"R$ 99,90",Bazar-E-Utilidades
"Assadeira Nadir Seletta Oval Media Vidro 3,2l","R$ 19,90",Bazar-E-Utilidades
Lâmpada Kian Led Bulbo 12w 6500k E27 Bivolt,"R$ 49,90",Bazar-E-Utilidades
"Pegador De Gelo Original Line 18,5cm","R$ 49,90",Bazar-E-Utilidades
Faca Tramontina Plenus Tomate Numero 5 Unid.,"R$ 12,99",Bazar-E-Utilidades
Espátula Plasútil Gourmet Unid.,"R$ 13,90",Bazar-E-Utilidades
Caderno Foroni Espiral Cliff 160 Folhas,"R$ 11,90",Bazar-E-Utilidades
Caderno Foroni Espiral Cliff 80 Folhas,"R$ 7,19",Bazar-E-Utilidades
Saleiro Plasútil Decorado 1kg,"R$ 23,90",Bazar-E-Utilidades
Taça Ruvolo Eisenbahn Royal Beer 330ml,"R$ 13,90",Bazar-E-Utilidades
Balão Junco Metalizado Prata 40cm N.8,"R$ 13,29",Bazar-E-Utilidades
Balão Junco Metalizado Prata 40cm N.7,"R$ 23,90",Bazar-E-Utilidades
Balão Junco Metalizado Prata 40cm N.3,"R$ 7,95",Bazar-E-Utilidades
Saboneteira Plasútil C/ Escorredor Unid.,"R$ 7,95",Bazar-E-Utilidades
Vela Aniversário Junco Branca Número 2 Unid.,"R$ 7,95",Bazar-E-Utilidades
Vela Aniversário Junco Big Branca Número 9 Unid.,"R$ 7,49",Bazar-E-Utilidades
Balão Junco Látex Salpicado Sortido Número 65 C/ 10 Unid.,"R$ 4,19",Bazar-E-Utilidades
Odorizante Para Automóvel Breeze Cheirinho Card Secret,"R$ 4,19",Bazar-E-Utilidades
Taça Plasutil Água Glamour,"R$ 6,90",Bazar-E-Utilidades
Feltro Scotch Marrom Red P C/ 12 Unid.,"R$ 11,99",Bazar-E-Utilidades
Boneca Mattel Barbie Fantasy Sereia Basica,"R$ 14,90",Bazar-E-Utilidades
Assadeiras Tramontina Preto Diversos - Unidade,"R$ 10,29",Bazar-E-Utilidades
Caneca Vidro Ruvolo Spaten - 400ml,"R$ 79,90",Bazar-E-Utilidades
Conjunto Tramontina Panquequeira E Bistequeira - 2 Peças,"R$ 71,90",Bazar-E-Utilidades
Churrasqueira Elétrica Mondial Preto 2000w 127v,"R$ 49,90",Bazar-E-Utilidades
Frigideira Tramontina Wok Loreto Vermelha 28cm,"R$ 129,90",Bazar-E-Utilidades
Panquequeira Tramontina Cinza 22cm,"R$ 249,00",Bazar-E-Utilidades
Odorizante Luxcar Spray Auto Anti Tabaco 60ml,"R$ 89,90",Bazar-E-Utilidades
Odorizante Luxcar Gel New Fresh Nytro 60g,"R$ 59,90",Bazar-E-Utilidades
Chinelo Rider R1 Speed Unid.,"R$ 17,59",Bazar-E-Utilidades
Chinelo Ipanema Oásis Feminino Unid.,"R$ 11,85",Bazar-E-Utilidades
Chinelo Rider Street Unid.,"R$ 41,79",Bazar-E-Utilidades
"Frigideira Brinox Wok Garlic Vermelho 28cm 4,1l","R$ 24,99",Bazar-E-Utilidades
"Caçarola Brinox C/ Tampa Garlic Vermelho 24x11cm 4,3l Unid.","R$ 29,99",Bazar-E-Utilidades
"Tapioqueira Brinox Garlic Vermelha 22x2cm 0,45l Unid.","R$ 95,90",Bazar-E-Utilidades
Taça Ruvolo Gin Club Haste Vermelha 705ml,"R$ 139,90",Bazar-E-Utilidades
Vela Aniversário Junco Branca Número 5 Unid.,"R$ 51,90",Bazar-E-Utilidades
Vela Aniversário Junco Branca Número 6 Unid.,"R$ 22,90",Bazar-E-Utilidades
Faqueiro Tramontina Leme Inox Vermelho Com 20 Peças,"R$ 4,19",Bazar-E-Utilidades
Garfo De Mesa Tramontina Colher Inox Leme Azul - Unidade,"R$ 4,19",Bazar-E-Utilidades
Colher De Mesa Tramontina Inox Leme Azul - Unidade,"R$ 69,90",Bazar-E-Utilidades
Pilha Panasonic Palito Alcalina Aaa C/ 2 Unid.,"R$ 49,90",Bazar-E-Utilidades
Limpador Multiuso Proauto 200ml,"R$ 3,69",Bazar-E-Utilidades
Gancho Scotch Grande Unid.,"R$ 3,69",Bazar-E-Utilidades
Conjunto Tramontina De Frigideiras Turim - 2 Peças,"R$ 18,79",Bazar-E-Utilidades
Secador Mondial Golden Rose 2000w 127v,"R$ 19,90",Bazar-E-Utilidades
Lixeira Arqplast Click Label Inox Com Tampa 9 Litros - Unidade,"R$ 19,90",Bazar-E-Utilidades
Conjunto Brinox 3 Canecas Para Café/Cappuccino Pavillion 300ml,"R$ 73,90",Bazar-E-Utilidades
Corante Guarany Tingecor Marrom 40g,"R$ 189,90",Bazar-E-Utilidades
Pilha Panasonic Alcalina Aaa 3+1 C/ 4 Unid.,"R$ 32,90",Bazar-E-Utilidades
Chinelo Havaianas Top Logo Mania 2 Unid.,"R$ 39,90",Bazar-E-Utilidades
Faca Para Carne Tramontina Dynamic N.8,"R$ 5,99",Bazar-E-Utilidades
Bandeja Facilita & Pronto Alumínio 750ml,"R$ 23,49",Bazar-E-Utilidades
"Fervedor Brinox Garlic Vermelho 12x11,5cm 1,2l Unid.","R$ 65,90",Bazar-E-Utilidades
Taça Ruvolo Gin Club Haste Verde 705ml,"R$ 39,90",Bazar-E-Utilidades
Petisqueira Plástica Paramount Le Cheff Redonda Branca Com 5 Divisões,"R$ 22,90",Bazar-E-Utilidades
Petisqueira Plástica Paramount Le Cheff Redonda Preta Com 5 Divisões,"R$ 69,90",Bazar-E-Utilidades
Vela São Domingos Aromática Lavanda 160g,"R$ 29,90",Bazar-E-Utilidades
Chinelo Rider Street Infantil,"R$ 22,90",Bazar-E-Utilidades
Kit Coza Organizando Sua Pia Preto,"R$ 22,90",Bazar-E-Utilidades
Dispenser Coza Single Vermelho 500ml,"R$ 10,89",Bazar-E-Utilidades
"Pote Plástico Plásutil Flip 1,9l","R$ 41,90",Bazar-E-Utilidades
Óleo Motor Ipiranga F1 Master Sintético 5w30sn 1l,"R$ 129,90",Bazar-E-Utilidades
Caderneta Tilibra Espiral D+ Apontamento 1/16 60 Folhas,"R$ 26,90",Bazar-E-Utilidades
Pilha Duracell Alarme Mn21 C/ 2 Unid.,"R$ 28,90",Bazar-E-Utilidades
Chinelo Ipanema Turma Da Mônica Baby,"R$ 49,90",Bazar-E-Utilidades
Copo Descartavel Copomais Transparente 330ml C/ 50 Unid.,"R$ 2,99",Bazar-E-Utilidades
Pote Plástico Paramount Slim Branco - 630ml,"R$ 41,90",Bazar-E-Utilidades
"Travessa Paramount Retangular Com Friso Le Chef Branca 27,5x19x6cm","R$ 38,90",Bazar-E-Utilidades
Pote Plástico Paramount Hermético Lumini Quadrado 1 Litro,"R$ 7,79",Bazar-E-Utilidades
"Bowl Plástica Paramount Redonda Le Cheff Preta 23,5x14,5cm","R$ 26,90",Bazar-E-Utilidades
Bowl Plástica Paramount Coração Le Cheff Preta 26x22x7cm,"R$ 26,90",Bazar-E-Utilidades
"Carvão Vegetal Estrela De Fogo 2,5kg","R$ 32,90",Bazar-E-Utilidades
Bule Térmico Tramontina Exata Vermelho 1l,"R$ 23,90",Bazar-E-Utilidades
Odorizante Luxcar New Fresh Car Lavanda,"R$ 21,90",Bazar-E-Utilidades
Borracha Faber Castell Branca C/ Capa C/ 2 Unid.,"R$ 19,90",Bazar-E-Utilidades
Kit Lápis Bic Evolution Grafite Verde C/ 4 Unid.,"R$ 73,90",Bazar-E-Utilidades
Lapiseira Bic Shimmers 0.5 Grátis 1 Lápiseira C/ 3 Unid.,"R$ 12,99",Bazar-E-Utilidades
Chinelo Kl Calçados Solemar King Star Unidade,"R$ 9,99",Bazar-E-Utilidades
Caderno São Domingos Brochurão Pixel 80 Folhas,"R$ 6,19",Bazar-E-Utilidades
Frigideira Brinox Para 4 Ovos Vermelha 26x8cm,"R$ 13,90",Bazar-E-Utilidades
Ralador Mozcada Inox C/ Silicone 15cm Unid.,"R$ 34,99",Bazar-E-Utilidades
Chinelo Havaianas Aloha Mista Unid.,"R$ 18,90",Bazar-E-Utilidades
Caderneta Espiral Credeal Apontamentos 1/18 40 Folhas,"R$ 69,90",Bazar-E-Utilidades
Adubo Pet Garden Humus De Minhoca 3kg,"R$ 21,90",Bazar-E-Utilidades
"Caneta Faber Castell Esferográfica Trilux Azul, Preta E Vermelha C/ 3 Unid.","R$ 57,99",Bazar-E-Utilidades
Assa Rápido Wyda Cozinha 41x33cm C/ 10 Unid.,"R$ 1,45",Bazar-E-Utilidades
Assadeira Wyda Oval Descartável 7l,"R$ 8,19",Bazar-E-Utilidades
Porta Escova De Dentes Plasútil C/ Tampa,"R$ 5,99",Bazar-E-Utilidades
Garrafa Térmica Invicta Glt Pressão 1l Unid.,"R$ 11,99",Bazar-E-Utilidades
Jogo De Taça Nadir Sobremesa Paulista 220ml C/6 Unid.,"R$ 21,90",Bazar-E-Utilidades
Pote Plástico Plásutil Decorado Quadrado 580ml,"R$ 13,90",Bazar-E-Utilidades
"Corda Kimarc Para Bagageiro Elástica C/ 1,5m","R$ 60,99",Bazar-E-Utilidades
Jogo De Copo Nadir Long Drink Oca C/ 6 Unid. 300ml,"R$ 61,90",Bazar-E-Utilidades
"Assadeira De Vidro Nadir Redonda 2,4l","R$ 8,55",Bazar-E-Utilidades
Ducha Lorenzetti Futura Multi 127v 5500w,"R$ 6,99",Bazar-E-Utilidades
Ducha Lorenzetti Fashion Branca 127v 5500w,"R$ 33,90",Bazar-E-Utilidades
Resistência Lorenzetti Ultra 127v 5500w 4 Temperatura,"R$ 48,90",Bazar-E-Utilidades
Resistência Lorenzetti Ultra 220v 6800w 4 Temperatura,"R$ 159,90",Bazar-E-Utilidades
Resistência Lorenzetti Duo Shower 220v 7500w,"R$ 145,90",Bazar-E-Utilidades
Plug Adaptador Kimarc Iluminação 2p + Terra,"R$ 49,90",Bazar-E-Utilidades
Pino Chato Kimarc Perlex,"R$ 49,90",Bazar-E-Utilidades
Chinelo Ipanema Happy Unid.,"R$ 52,90",Bazar-E-Utilidades
Vela São Domingos Decorativa Fina C/ 3 Unid.,"R$ 15,99",Bazar-E-Utilidades
Massa Pra Polir Proauto Numero 2 500g,"R$ 9,99",Bazar-E-Utilidades
Taça De Água Nadir Barone 490ml,"R$ 29,90",Bazar-E-Utilidades
Saca Rolha Original Toscana Unid.,"R$ 10,90",Bazar-E-Utilidades
Escumadeira Original Cook N.32 Unid.,"R$ 38,90",Bazar-E-Utilidades
Pegador Para Frios Original Premium 18cm Unid.,"R$ 21,90",Bazar-E-Utilidades
Ralador Original 4 Faces N.8 Unid.,"R$ 24,90",Bazar-E-Utilidades
Pegador Para Massa Original Premium 29cm Unid.,"R$ 11,90",Bazar-E-Utilidades
Conjunto Pote Plasútil Pop P/M/G Quadrado 3 Peças Unid.,"R$ 12,90",Bazar-E-Utilidades
Engate Para Mangueira Kimarc Unid.,"R$ 29,90",Bazar-E-Utilidades
Vela De Aniversario Junco Emoji Apaixonado Unid.,"R$ 21,90",Bazar-E-Utilidades
Vela De Aniversário Interrogação Junco Ouro Glitter Unid.,"R$ 26,90",Bazar-E-Utilidades
Cesta Ligbrin Para Prendedor Multi Uso C/ Alça,"R$ 11,99",Bazar-E-Utilidades
Colher De Chá Tramontina Inox Leme Preto Unidade,"R$ 13,79",Bazar-E-Utilidades
Chinelo Havaianas Slim Organic Unid.,"R$ 9,89",Bazar-E-Utilidades
Panela Panelux Magnific C/ Tampa Grafite 18cm,"R$ 13,90",Bazar-E-Utilidades
Frigideira Panelux Francesa Cereja Premium 20 Aa,"R$ 2,99",Bazar-E-Utilidades
Conjunto De Assadeira De Vidro Nadir Sempre Retangular C/ 2 Unid.,"R$ 62,90",Bazar-E-Utilidades
Copo Plástico Plasútil Com Tampa - 500ml,"R$ 49,90",Bazar-E-Utilidades
Vela Aniversário Junco Live Collors C/ Gliter Azul Número 2 Unid.,"R$ 44,90",Bazar-E-Utilidades
Assadeira Panelux Magnific Antiaderente 27x18,"R$ 86,90",Bazar-E-Utilidades
Caderno Foroni Espiral Cliff 160 Folhas,"R$ 7,89",Bazar-E-Utilidades
Balão Junco Metalizado Dourado 40cm N.1,"R$ 9,99",Bazar-E-Utilidades
Balão Junco Metalizado Dourado 40cm N.5,"R$ 54,90",Bazar-E-Utilidades
Kit Ph/Cloro Hidroall Para Piscinas 160g,"R$ 23,90",Bazar-E-Utilidades
Cloro Hidroall Para Piscinas Penta 1k,"R$ 7,95",Bazar-E-Utilidades
Limpa Bordas Hidroall Para Piscinas 1l,"R$ 7,95",Bazar-E-Utilidades
Resistencia Lorenzetti Bella 4t 127v 5500w Unid.,"R$ 42,90",Bazar-E-Utilidades
Adubo Green Fix Orquídeas 150ml,"R$ 44,90",Bazar-E-Utilidades
Ralador Plasútil 4 Faces Unid.,"R$ 23,90",Bazar-E-Utilidades
Garrafa Térmica Invicta Firenze Preta 1l Unid.,"R$ 48,90",Bazar-E-Utilidades
Balão Junco Látex Liso Sortidos Número 65 C/ 10 Unid.,"R$ 12,90",Bazar-E-Utilidades
Jogo De Copo Nadir Long Drink Opera C/ 6 Unid. 360ml,"R$ 13,79",Bazar-E-Utilidades
Conjunto Tramontina Panelas Turim Com 5 Peças,"R$ 47,99",Bazar-E-Utilidades
Adesivo Silicone Brascola Brascoved 50g,"R$ 5,55",Bazar-E-Utilidades
Caixa Térmica Mor Azul Com Laranja 18 Litros - Unidade,"R$ 64,90",Bazar-E-Utilidades
Baralho Copag Jogo Uno C/ 114 Cartas Unid.,"R$ 219,90",Bazar-E-Utilidades
Óleo Motor Ipiranga Protection Moto 20w50 1l,"R$ 18,99",Bazar-E-Utilidades
Gancho Scotch Medio C/ 3 Unid.,"R$ 86,90",Bazar-E-Utilidades
Chinelo Havaianas Top Athletic,"R$ 33,90",Bazar-E-Utilidades
Inseticida Vitaplan Fumax Pronto Uso 500 Ml,"R$ 34,49",Bazar-E-Utilidades
Adubo Green Fix Foliar 120ml,"R$ 19,90",Bazar-E-Utilidades
Conjunto De Facas Tramontina Naturalle Inox 4 Pecas,"R$ 44,90",Bazar-E-Utilidades
Toalha Papel Elegante 19cm X21cm C/ 2 Unid. 50 Folhas Cada,"R$ 33,90",Bazar-E-Utilidades
Prato Para Bolo Ruvolo Bari Raso 32cm Vidro Unid.,"R$ 12,90",Bazar-E-Utilidades
Concha Tramontina Inox Preto Utilita Unid.,"R$ 79,90",Bazar-E-Utilidades
Espátula De Pizza Tramontina Utilita,"R$ 6,59",Bazar-E-Utilidades
Panela Brinox C/ Tampa Vermelho 18x98cm Ref 7001/357,"R$ 37,90",Bazar-E-Utilidades
Copo De Vidro Nadir Boteco Cerveja 200ml,"R$ 34,90",Bazar-E-Utilidades
Petisqueira Plástica Paramount Le Cheff Redonda Preta Com 4 Divisões,"R$ 34,90",Bazar-E-Utilidades
Escorredor Coza Louça Basic Vermelho,"R$ 79,90",Bazar-E-Utilidades
"Pote Plástico Plásutil Flip 1,1l","R$ 6,29",Bazar-E-Utilidades
Caneca Plástica Plásutil Decorada C/ Bico,"R$ 22,90",Bazar-E-Utilidades
Lava Tudo Plásutil C/ Alça,"R$ 74,90",Bazar-E-Utilidades
Caderno Tilibra Espiral Minnie 10 Matérias 160 Folhas,"R$ 28,90",Bazar-E-Utilidades
Brinquedo Doce Brinquedo Surpresa Fundo Do Mar 98g,"R$ 10,90",Bazar-E-Utilidades
Boneca Mattel Barbie Bailarina,"R$ 9,90",Bazar-E-Utilidades
Conjunto De Pote De Vidro Euro Redondo C/ Tampa Plastica Preto 3pcs,"R$ 48,90",Bazar-E-Utilidades
Jogo Copo Nadir Lights Long Drink C/ 6 Unid. 300ml,"R$ 13,29",Bazar-E-Utilidades
Pote Plastico Ligbrin Retangular 3 - Peças,"R$ 79,90",Bazar-E-Utilidades
Frigideira Brinox Wok Fun Cereja - 24cm,"R$ 29,90",Bazar-E-Utilidades
Odorizante Para Automóvel Proauto Breeze Future,"R$ 33,90",Bazar-E-Utilidades
Lixeira Paramount Com Pedal Classic - 10 Litros,"R$ 42,90",Bazar-E-Utilidades
Odorizante Luxcar New Fresh Car Ocean,"R$ 53,90",Bazar-E-Utilidades
Bule Térmico Tramontina Exata Preto 1l,"R$ 11,99",Bazar-E-Utilidades
Lápis De Cor Multi Color Ecolápis Com 24 Unidades,"R$ 42,90",Bazar-E-Utilidades
Lápis De Cor Faber Castell Caras & Cores 12+3cores,"R$ 12,99",Bazar-E-Utilidades
Lapis De Cor Faber Castell Unicórnio 12+2cores,"R$ 73,90",Bazar-E-Utilidades
Chinelo Kl Calçados Rdk Chinelão Unidade,"R$ 22,69",Bazar-E-Utilidades
Kit Escolar Molin Love Poá C/5 Unid.,"R$ 23,90",Bazar-E-Utilidades
Caderno São Domingos Brochurão My Friends 80 Folhas,"R$ 23,90",Bazar-E-Utilidades
Forma Plástica Oikos Para Gelo Fundo De Silicone Unidade,"R$ 39,99",Bazar-E-Utilidades
Sacola Ecologica Cá Pra Lá Retornavel Para Vinho,"R$ 24,90",Bazar-E-Utilidades
Copo Descartável Altacoppo Branco 80ml C/ 100 Unid.,"R$ 19,90",Bazar-E-Utilidades
Lava Autos 300ml + Limpa Pneu 300ml + Limpa Vidro 100ml Proauto Unid.,"R$ 29,90",Bazar-E-Utilidades
Caderno Foroni Espiral Divertidamente 80 Folhas,"R$ 13,90",Bazar-E-Utilidades
"Folha De Alumínio Wyda 45x7,5mt Unid.","R$ 7,99",Bazar-E-Utilidades
Bandeja Facilita & Pronto Alumínio 500ml,"R$ 26,99",Bazar-E-Utilidades
Pilha Panasonic Pequena Alcalina Aa C/ 2 Unid.,"R$ 44,99",Bazar-E-Utilidades
Borracha Escolar Bic Branca C/ Capa Plastica Laranja C/ 2 Unid.,"R$ 13,99",Bazar-E-Utilidades
Limpa Pneus Proauto Autocraft 500ml,"R$ 18,99",Bazar-E-Utilidades
Assa Rápido Wyda Churrasco 45x5m Unid.,"R$ 16,90",Bazar-E-Utilidades
Espeto Mor Duplo 55cm Unid.,"R$ 6,99",Bazar-E-Utilidades
Ducha Lorenzetti Futura Multi 220v 7500w,"R$ 12,99",Bazar-E-Utilidades
Pino Soquete Kimarc Radial,"R$ 14,79",Bazar-E-Utilidades
"Bucha Kimarc Número 6 C/ 5 Unid. + 5 Parafusos 3,8x40","R$ 12,49",Bazar-E-Utilidades
Cola Para Contato Fort Adesivo Kimarc 30g,"R$ 159,90",Bazar-E-Utilidades
Torneira Plástica Para Jardim Kimarc 3/4 Pop Unidade,"R$ 9,99",Bazar-E-Utilidades
Retrozes Kimarc Branco/Preto C/ 2 Unid.,"R$ 4,99",Bazar-E-Utilidades
Espelho Kimarc Número 14 Unid.,"R$ 17,99",Bazar-E-Utilidades
Ralo Para Pia Kimarc Telinha Inox Unid.,"R$ 9,99",Bazar-E-Utilidades
Ducha Lorenzetti Bello C/ Cano 127v 5500w,"R$ 7,99",Bazar-E-Utilidades
Espátula Original Reta Premium N.4 Unid.,"R$ 9,99",Bazar-E-Utilidades
Vela De Aniversário Junco Ouro Glitter Número 4 Unid.,"R$ 6,99",Bazar-E-Utilidades
Vela De Aniversário Junco Ouro Glitter Número 5 Unid.,"R$ 109,90",Bazar-E-Utilidades
Vela De Aniversário Interrogação Junco Vermelha Glitter Unid.,"R$ 25,90",Bazar-E-Utilidades
Vela De Aniversário Junco Vermelha Glitter Número 7 Unid.,"R$ 9,89",Bazar-E-Utilidades
Vela De Aniversário Junco Vermelha Glitter Número 8 Unid.,"R$ 9,89",Bazar-E-Utilidades
Garfo De Mesa Tramontina Inox Leme Preta Unid.,"R$ 9,89",Bazar-E-Utilidades
Chinelo Havaianas Slim Pets Unid.,"R$ 9,89",Bazar-E-Utilidades
Conjunto Porta Mantimento Jaguar C/ Tampa De Rosca 5 Peças,"R$ 9,89",Bazar-E-Utilidades
Conjunto Pote Jaguar Organiza Redondo 3 Peças,"R$ 3,69",Bazar-E-Utilidades
"Assadeira Nadir Seletta Retangular Media Vidro 2,7l","R$ 62,90",Bazar-E-Utilidades
Copo Descartavel Facilita Pronto Cristal 300ml C/ 50 Unid.,"R$ 56,90",Bazar-E-Utilidades
Faca Descartavel Facilita Pronto Master Cristal C/ 50 Unid.,"R$ 14,29",Bazar-E-Utilidades
Copo Plástico Plasútil C/ Tampa C/ Bico 320ml,"R$ 49,90",Bazar-E-Utilidades
"Prato Laminado Junco Prata Número 07 35,5cm","R$ 18,99",Bazar-E-Utilidades
Vela Aniversário Junco Live Collors C/ Gliter Azul Número 4 Unid.,"R$ 12,29",Bazar-E-Utilidades
Assadeira Panelux Magnific Antiaderente 33x22,"R$ 7,89",Bazar-E-Utilidades
Caderno Espiral Minnie Mouse 10 Matérias Tilibra 160 Folhas,"R$ 7,99",Bazar-E-Utilidades
Caderno Espiral 4 Elementos Foroni 80 Folhas,"R$ 9,99",Bazar-E-Utilidades
Caderno Tilibra Espiral It! 80 Folhas,"R$ 69,90",Bazar-E-Utilidades
Caderno Tilibra Espiral Avengers 10 Matérias 160 Folhas,"R$ 59,90",Bazar-E-Utilidades
Caneta Faber Castell Marca Texto Amarela,"R$ 13,90",Bazar-E-Utilidades
Shakeira Coza Nutri Preta 500ml,"R$ 29,90",Bazar-E-Utilidades
Balão Junco Metalizado Dourado 40cm N.6,"R$ 65,90",Bazar-E-Utilidades
Balão Junco Metalizado Dourado 40cm N.4,"R$ 6,69",Bazar-E-Utilidades
Balão Junco Metalizado Dourado 40cm N.3,"R$ 23,99",Bazar-E-Utilidades
Filme Poliester Facilita Pronto 60x100 C/ 4 Unid.,"R$ 7,95",Bazar-E-Utilidades
Brinquedo Amoeba Cores Sortidas 110g,"R$ 7,95",Bazar-E-Utilidades
"Prato Laminado Junco Prata Número 06 31,5cm","R$ 7,95",Bazar-E-Utilidades
Colher De Mesa Tramontina Inox Leme Vermelha Unid.,"R$ 9,99",Bazar-E-Utilidades
Copo De Vidro Nadir Americano Long Drink 450ml,"R$ 12,90",Bazar-E-Utilidades
Vela Aniversário Junco Palito Branca C/ 20 Unid.,"R$ 6,39",Bazar-E-Utilidades
Porta Condimentos Plasútil De 7 Peças,"R$ 3,69",Bazar-E-Utilidades
"Pote Plástico Plasútil Trava+ Retangular Cristal 1,1l","R$ 9,49",Bazar-E-Utilidades
Chinelo Havaianas Top Nautical Unid.,"R$ 8,99",Bazar-E-Utilidades
Tigela Vidro Nadir Americano C/ Tampa 600ml,"R$ 42,90",Bazar-E-Utilidades
Gancho Scotch P C/ 5 Unid.,"R$ 37,90",Bazar-E-Utilidades
Fita Adesiva Scotch Corta Fácil 45mmx40m,"R$ 69,90",Bazar-E-Utilidades
Estopa Proauto Para Polimento Pacote 200g,"R$ 15,99",Bazar-E-Utilidades
"Panela De Pressão Tramontina Vancouver Effect 4,5 Litros","R$ 19,90",Bazar-E-Utilidades
Conjunto Tramontina Facas Inox Cabo Preto - 4 Peças,"R$ 16,90",Bazar-E-Utilidades
Frigideira Tramontina Turim Vermelha 24cm,"R$ 9,90",Bazar-E-Utilidades
"Assadeira Nadir Retangular Pequena 1,6litros Unid.","R$ 299,90",Bazar-E-Utilidades
Plug Adaptador 2p + T Kimarc - 3 Unidades,"R$ 39,90",Bazar-E-Utilidades
Kit Para Irrigação Kimarc Unid.,"R$ 59,90",Bazar-E-Utilidades
Caneca Para Chopp E Cerveja Haus Concept De Vidro Pavillion 350ml,"R$ 46,90",Bazar-E-Utilidades
Tábua De Bamboo Infinite Retangular Grande 34x24cm,"R$ 16,99",Bazar-E-Utilidades
Escumadeira Tramontina Inox Preto Utilita Unid.,"R$ 28,90",Bazar-E-Utilidades
Boneca Mattel Polly Básica Sortida,"R$ 19,90",Bazar-E-Utilidades
"Frigideira Brinox Wok Garlic Vermelho 24cm 2,3l","R$ 44,90",Bazar-E-Utilidades
"Mixer Original Line Premium 21,5cm","R$ 34,90",Bazar-E-Utilidades
Faca Descartável Strawplast Extra Forte Churrasco Branco C/ 20 Unid.,"R$ 32,90",Bazar-E-Utilidades
Caderno Tilibra Espiral Para Desenho D+ Universitário 48 Folhas,"R$ 49,90",Bazar-E-Utilidades
Caderno Tilibra Espiral Avengers Light 1 Matéria 80 Folhas,"R$ 15,99",Bazar-E-Utilidades
Frigideira Tramontina Turim Vermelha 22cm,"R$ 13,90",Bazar-E-Utilidades
Frigideira Brinox Fun Cereja - 16cm,"R$ 9,75",Bazar-E-Utilidades
Kit Estojo E Saboneteira Plasutil Multiuso - Unidade,"R$ 32,90",Bazar-E-Utilidades
